birth,life,deltactcf,clife,cof,sep,face,frip
0.0001,50,1000,17.0,1.7,100,1.0,0.0114711608251746
0.0001,50,1000,17.0,1.7,74,1.0,0.011176986725592348
0.0001,50,100,17.0,1.7,100,1.0,0.011579004500072583
0.0001,50,100,17.0,1.7,74,1.0,0.0112851323904728
0.0001,50,10,17.0,1.7,100,1.0,0.011440279681930354
0.0001,50,10,17.0,1.7,74,1.0,0.01135647845436713
0.0001,50,1500,17.0,1.7,100,1.0,0.011402450039516766
0.0001,50,1500,17.0,1.7,74,1.0,0.011288999698506304
0.0001,50,200,17.0,1.7,100,1.0,0.011512338908692075
0.0001,50,200,17.0,1.7,74,1.0,0.011340248664060339
0.0001,50,20,17.0,1.7,100,1.0,0.011517942224874594
0.0001,50,20,17.0,1.7,74,1.0,0.011350722778407096
0.0001,50,3000,17.0,1.7,100,1.0,0.011672235036048969
0.0001,50,3000,17.0,1.7,74,1.0,0.011331791951979375
0.0001,50,400,17.0,1.7,100,1.0,0.011601579057726737
0.0001,50,400,17.0,1.7,74,1.0,0.011223178537619094
0.0001,50,40,17.0,1.7,100,1.0,0.011682149712092131
0.0001,50,40,17.0,1.7,74,1.0,0.011134112584942436
0.0001,50,4,17.0,1.7,100,1.0,0.01154823464894595
0.0001,50,4,17.0,1.7,74,1.0,0.011320888550311605
0.0001,50,5000,17.0,1.7,100,1.0,0.011415288956273488
0.0001,50,5000,17.0,1.7,74,1.0,0.011236338799509173
0.0001,50,8,17.0,1.7,100,1.0,0.011258462233261827
0.0001,50,8,17.0,1.7,74,1.0,0.011299563144318705
0.00025,50,1000,17.0,1.7,100,1.0,0.011451516959950968
0.00025,50,1000,17.0,1.7,74,1.0,0.011246345164376101
0.00025,50,100,17.0,1.7,100,1.0,0.011394616042194229
0.00025,50,100,17.0,1.7,74,1.0,0.011407958192874079
0.00025,50,10,17.0,1.7,100,1.0,0.011509950160486459
0.00025,50,10,17.0,1.7,74,1.0,0.011167721067461386
0.00025,50,1500,17.0,1.7,100,1.0,0.011328403683930385
0.00025,50,1500,17.0,1.7,74,1.0,0.0112924451635076
0.00025,50,200,17.0,1.7,100,1.0,0.011419642252294393
0.00025,50,200,17.0,1.7,74,1.0,0.01119681086667651
0.00025,50,20,17.0,1.7,100,1.0,0.011539311924385877
0.00025,50,20,17.0,1.7,74,1.0,0.011305083084466623
0.00025,50,3000,17.0,1.7,100,1.0,0.011700017742221649
0.00025,50,3000,17.0,1.7,74,1.0,0.01130566497970811
0.00025,50,400,17.0,1.7,100,1.0,0.01165274278617397
0.00025,50,400,17.0,1.7,74,1.0,0.011245193781041133
0.00025,50,40,17.0,1.7,100,1.0,0.011551839545799126
0.00025,50,40,17.0,1.7,74,1.0,0.011321073416816896
0.00025,50,4,17.0,1.7,100,1.0,0.011467246245907193
0.00025,50,4,17.0,1.7,74,1.0,0.01134614205936324
0.00025,50,5000,17.0,1.7,100,1.0,0.011372728592396651
0.00025,50,5000,17.0,1.7,74,1.0,0.011184407440814802
0.00025,50,8,17.0,1.7,100,1.0,0.01174120711624381
0.00025,50,8,17.0,1.7,74,1.0,0.011281717943341518
0.0005,50,1000,17.0,1.7,100,1.0,0.011491701479056114
0.0005,50,1000,17.0,1.7,74,1.0,0.011268452220693385
0.0005,50,100,17.0,1.7,100,1.0,0.011687477217374474
0.0005,50,100,17.0,1.7,74,1.0,0.011284595160964134
0.0005,50,10,17.0,1.7,100,1.0,0.011457662220358393
0.0005,50,10,17.0,1.7,74,1.0,0.011337886343079976
0.0005,50,1500,17.0,1.7,100,1.0,0.011440205487185277
0.0005,50,1500,17.0,1.7,74,1.0,0.011278536750592752
0.0005,50,200,17.0,1.7,100,1.0,0.011678201261310667
0.0005,50,200,17.0,1.7,74,1.0,0.011381993754241693
0.0005,50,20,17.0,1.7,100,1.0,0.01167849320150325
0.0005,50,20,17.0,1.7,74,1.0,0.01139205843270425
0.0005,50,3000,17.0,1.7,100,1.0,0.011435350570170486
0.0005,50,3000,17.0,1.7,74,1.0,0.01119886300895672
0.0005,50,400,17.0,1.7,100,1.0,0.011502971015661542
0.0005,50,400,17.0,1.7,74,1.0,0.011284745287455008
0.0005,50,40,17.0,1.7,100,1.0,0.011804877498024162
0.0005,50,40,17.0,1.7,74,1.0,0.011275767475157787
0.0005,50,4,17.0,1.7,100,1.0,0.011570275327021404
0.0005,50,4,17.0,1.7,74,1.0,0.011370880671772622
0.0005,50,5000,17.0,1.7,100,1.0,0.011316642203906515
0.0005,50,5000,17.0,1.7,74,1.0,0.011270824467392153
0.0005,50,8,17.0,1.7,100,1.0,0.011733231181148083
0.0005,50,8,17.0,1.7,74,1.0,0.011294265292120097
0.00075,50,1000,17.0,1.7,100,1.0,0.011633787641736157
0.00075,50,1000,17.0,1.7,74,1.0,0.011397861255826707
0.00075,50,100,17.0,1.7,100,1.0,0.011682306166228488
0.00075,50,100,17.0,1.7,74,1.0,0.011225004869805592
0.00075,50,10,17.0,1.7,100,1.0,0.011462013903450056
0.00075,50,10,17.0,1.7,74,1.0,0.011379148795203893
0.00075,50,1500,17.0,1.7,100,1.0,0.01147146566880111
0.00075,50,1500,17.0,1.7,74,1.0,0.011199972207988466
0.00075,50,200,17.0,1.7,100,1.0,0.011644432974725399
0.00075,50,200,17.0,1.7,74,1.0,0.011239584509427572
0.00075,50,20,17.0,1.7,100,1.0,0.011714414748624977
0.00075,50,20,17.0,1.7,74,1.0,0.011426433676969976
0.00075,50,3000,17.0,1.7,100,1.0,0.01159674833465056
0.00075,50,3000,17.0,1.7,74,1.0,0.011271700412041384
0.00075,50,400,17.0,1.7,100,1.0,0.01138554170228552
0.00075,50,400,17.0,1.7,74,1.0,0.011439493440961207
0.00075,50,40,17.0,1.7,100,1.0,0.011820372909240472
0.00075,50,40,17.0,1.7,74,1.0,0.01139157207250241
0.00075,50,4,17.0,1.7,100,1.0,0.011654136357038016
0.00075,50,4,17.0,1.7,74,1.0,0.011329087193714043
0.00075,50,5000,17.0,1.7,100,1.0,0.01161636961886482
0.00075,50,5000,17.0,1.7,74,1.0,0.011315564643102185
0.00075,50,8,17.0,1.7,100,1.0,0.011761609058210616
0.00075,50,8,17.0,1.7,74,1.0,0.011627259496741262
0.001,50,1000,17.0,1.7,100,1.0,0.011520053549250795
0.001,50,1000,17.0,1.7,74,1.0,0.011404268307057062
0.001,50,100,17.0,1.7,100,1.0,0.011798830626300424
0.001,50,100,17.0,1.7,74,1.0,0.011627830225549543
0.001,50,10,17.0,1.7,100,1.0,0.011736963499411281
0.001,50,10,17.0,1.7,74,1.0,0.011453018473002667
0.001,50,1500,17.0,1.7,100,1.0,0.011477623832642461
0.001,50,1500,17.0,1.7,74,1.0,0.011385425571380184
0.001,50,200,17.0,1.7,100,1.0,0.011577788351425023
0.001,50,200,17.0,1.7,74,1.0,0.011263813188053902
0.001,50,20,17.0,1.7,100,1.0,0.011716038968370458
0.001,50,20,17.0,1.7,74,1.0,0.011367169693803995
0.001,50,3000,17.0,1.7,100,1.0,0.011497616090582106
0.001,50,3000,17.0,1.7,74,1.0,0.011372121386573232
0.001,50,400,17.0,1.7,100,1.0,0.011668352715366377
0.001,50,400,17.0,1.7,74,1.0,0.011432016893572726
0.001,50,40,17.0,1.7,100,1.0,0.011905566218809982
0.001,50,40,17.0,1.7,74,1.0,0.011584070214531996
0.001,50,4,17.0,1.7,100,1.0,0.011623745544282972
0.001,50,4,17.0,1.7,74,1.0,0.011413955808220232
0.001,50,5000,17.0,1.7,100,1.0,0.011623989096598333
0.001,50,5000,17.0,1.7,74,1.0,0.011151856047305973
0.001,50,8,17.0,1.7,100,1.0,0.01179293375699608
0.001,50,8,17.0,1.7,74,1.0,0.011597993516024451
0.0025,50,1000,17.0,1.7,100,1.0,0.011596919305150083
0.0025,50,1000,17.0,1.7,74,1.0,0.011444663499535353
0.0025,50,100,17.0,1.7,100,1.0,0.011976654462168744
0.0025,50,100,17.0,1.7,74,1.0,0.01179884539080655
0.0025,50,10,17.0,1.7,100,1.0,0.012093533766673655
0.0025,50,10,17.0,1.7,74,1.0,0.011725089858769435
0.0025,50,1500,17.0,1.7,100,1.0,0.011646268488201423
0.0025,50,1500,17.0,1.7,74,1.0,0.011127583943661623
0.0025,50,200,17.0,1.7,100,1.0,0.012143386183648124
0.0025,50,200,17.0,1.7,74,1.0,0.011999722079884664
0.0025,50,20,17.0,1.7,100,1.0,0.012051683091662768
0.0025,50,20,17.0,1.7,74,1.0,0.012068924188603539
0.0025,50,3000,17.0,1.7,100,1.0,0.011451955676704463
0.0025,50,3000,17.0,1.7,74,1.0,0.011174893639723718
0.0025,50,400,17.0,1.7,100,1.0,0.01175331053726673
0.0025,50,400,17.0,1.7,74,1.0,0.011473985312418191
0.0025,50,40,17.0,1.7,100,1.0,0.012187738511911482
0.0025,50,40,17.0,1.7,74,1.0,0.011799901239101872
0.0025,50,4,17.0,1.7,100,1.0,0.012340973241503895
0.0025,50,4,17.0,1.7,74,1.0,0.011876948387505009
0.0025,50,5000,17.0,1.7,100,1.0,0.011376081872288262
0.0025,50,5000,17.0,1.7,74,1.0,0.011389258139399271
0.0025,50,8,17.0,1.7,100,1.0,0.012097437055436379
0.0025,50,8,17.0,1.7,74,1.0,0.012050535554543683
0.005,50,1000,17.0,1.7,100,1.0,0.011683241665188148
0.005,50,1000,17.0,1.7,74,1.0,0.011525395570896305
0.005,50,100,17.0,1.7,100,1.0,0.012586973983451346
0.005,50,100,17.0,1.7,74,1.0,0.012497861628041148
0.005,50,10,17.0,1.7,100,1.0,0.01271315988967564
0.005,50,10,17.0,1.7,74,1.0,0.012675684595409107
0.005,50,1500,17.0,1.7,100,1.0,0.011687422377780287
0.005,50,1500,17.0,1.7,74,1.0,0.011319600688348572
0.005,50,200,17.0,1.7,100,1.0,0.0125218922885853
0.005,50,200,17.0,1.7,74,1.0,0.012311340009206103
0.005,50,20,17.0,1.7,100,1.0,0.012863939740963564
0.005,50,20,17.0,1.7,74,1.0,0.012476377410553768
0.005,50,3000,17.0,1.7,100,1.0,0.011649345957192858
0.005,50,3000,17.0,1.7,74,1.0,0.011303957756142468
0.005,50,400,17.0,1.7,100,1.0,0.012118264810722753
0.005,50,400,17.0,1.7,74,1.0,0.011931758204536798
0.005,50,40,17.0,1.7,100,1.0,0.012799864513943774
0.005,50,40,17.0,1.7,74,1.0,0.012470871118268657
0.005,50,4,17.0,1.7,100,1.0,0.012730244036194133
0.005,50,4,17.0,1.7,74,1.0,0.012721115849263078
0.005,50,5000,17.0,1.7,100,1.0,0.01135879610961467
0.005,50,5000,17.0,1.7,74,1.0,0.01133937644155551
0.005,50,8,17.0,1.7,100,1.0,0.012552712140518396
0.005,50,8,17.0,1.7,74,1.0,0.01259963374099086
0.0075,50,1000,17.0,1.7,100,1.0,0.01192544718463201
0.0075,50,1000,17.0,1.7,74,1.0,0.011885084995167416
0.0075,50,100,17.0,1.7,100,1.0,0.01319622090678882
0.0075,50,100,17.0,1.7,74,1.0,0.013060710656623493
0.0075,50,10,17.0,1.7,100,1.0,0.01332422619719673
0.0075,50,10,17.0,1.7,74,1.0,0.013289754053105075
0.0075,50,1500,17.0,1.7,100,1.0,0.011816585751383087
0.0075,50,1500,17.0,1.7,74,1.0,0.011237975302331178
0.0075,50,200,17.0,1.7,100,1.0,0.012923019726124614
0.0075,50,200,17.0,1.7,74,1.0,0.012731017994086753
0.0075,50,20,17.0,1.7,100,1.0,0.013416522847142696
0.0075,50,20,17.0,1.7,74,1.0,0.013212139898038058
0.0075,50,3000,17.0,1.7,100,1.0,0.011408540460330005
0.0075,50,3000,17.0,1.7,74,1.0,0.01115131881779731
0.0075,50,400,17.0,1.7,100,1.0,0.012736811884062647
0.0075,50,400,17.0,1.7,74,1.0,0.01244244510147186
0.0075,50,40,17.0,1.7,100,1.0,0.013266444620074517
0.0075,50,40,17.0,1.7,74,1.0,0.012962491950862732
0.0075,50,4,17.0,1.7,100,1.0,0.013356812206648494
0.0075,50,4,17.0,1.7,74,1.0,0.013274983343403803
0.0075,50,5000,17.0,1.7,100,1.0,0.011558946112034065
0.0075,50,5000,17.0,1.7,74,1.0,0.011253662900270104
0.0075,50,8,17.0,1.7,100,1.0,0.013172952789561121
0.0075,50,8,17.0,1.7,74,1.0,0.013458012350075125
0.01,50,1000,17.0,1.7,100,1.0,0.012196428974660882
0.01,50,1000,17.0,1.7,74,1.0,0.011808030402475474
0.01,50,100,17.0,1.7,100,1.0,0.013713967967225278
0.01,50,100,17.0,1.7,74,1.0,0.013611465197329486
0.01,50,10,17.0,1.7,100,1.0,0.014012756657365441
0.01,50,10,17.0,1.7,74,1.0,0.013906013372424121
0.01,50,1500,17.0,1.7,100,1.0,0.011655408958209003
0.01,50,1500,17.0,1.7,74,1.0,0.01139756100284496
0.01,50,200,17.0,1.7,100,1.0,0.01331588090130486
0.01,50,200,17.0,1.7,74,1.0,0.01314940811700437
0.01,50,20,17.0,1.7,100,1.0,0.013907246891078888
0.01,50,20,17.0,1.7,74,1.0,0.013909329803086155
0.01,50,3000,17.0,1.7,100,1.0,0.011560776786722366
0.01,50,3000,17.0,1.7,74,1.0,0.011019804289647352
0.01,50,400,17.0,1.7,100,1.0,0.01270410329198858
0.01,50,400,17.0,1.7,74,1.0,0.012696327608261672
0.01,50,40,17.0,1.7,100,1.0,0.013894328940789367
0.01,50,40,17.0,1.7,74,1.0,0.01389821175775788
0.01,50,4,17.0,1.7,100,1.0,0.01416513169567251
0.01,50,4,17.0,1.7,74,1.0,0.013946444545631629
0.01,50,5000,17.0,1.7,100,1.0,0.011359146115259924
0.01,50,5000,17.0,1.7,74,1.0,0.011006883485713789
0.01,50,8,17.0,1.7,100,1.0,0.013995611219535799
0.01,50,8,17.0,1.7,74,1.0,0.013822108793318006
0.025,50,1000,17.0,1.7,100,1.0,0.012673391506314618
0.025,50,1000,17.0,1.7,74,1.0,0.012403925869772093
0.025,50,100,17.0,1.7,100,1.0,0.016900982273907645
0.025,50,100,17.0,1.7,74,1.0,0.01704132821000835
0.025,50,10,17.0,1.7,100,1.0,0.017908396909627575
0.025,50,10,17.0,1.7,74,1.0,0.017895057860734725
0.025,50,1500,17.0,1.7,100,1.0,0.011950007258181584
0.025,50,1500,17.0,1.7,74,1.0,0.011541595584047881
0.025,50,200,17.0,1.7,100,1.0,0.01620302101646801
0.025,50,200,17.0,1.7,74,1.0,0.016243025011569667
0.025,50,20,17.0,1.7,100,1.0,0.01786222842303908
0.025,50,20,17.0,1.7,74,1.0,0.0175298546998897
0.025,50,3000,17.0,1.7,100,1.0,0.011145666865594607
0.025,50,3000,17.0,1.7,74,1.0,0.011167374908032015
0.025,50,400,17.0,1.7,100,1.0,0.015057123501991967
0.025,50,400,17.0,1.7,74,1.0,0.014902024474340157
0.025,50,40,17.0,1.7,100,1.0,0.017528500459684834
0.025,50,40,17.0,1.7,74,1.0,0.01738190442277605
0.025,50,4,17.0,1.7,100,1.0,0.01774860078388361
0.025,50,4,17.0,1.7,74,1.0,0.017846596781337664
0.025,50,5000,17.0,1.7,100,1.0,0.011229823061662285
0.025,50,5000,17.0,1.7,74,1.0,0.010994327451931607
0.025,50,8,17.0,1.7,100,1.0,0.01750535653800868
0.025,50,8,17.0,1.7,74,1.0,0.017906792541318904
0.05,50,1000,17.0,1.7,100,1.0,0.014144544266843013
0.05,50,1000,17.0,1.7,74,1.0,0.013717777085734633
0.05,50,100,17.0,1.7,100,1.0,0.022268617235761866
0.05,50,100,17.0,1.7,74,1.0,0.022087007606822442
0.05,50,10,17.0,1.7,100,1.0,0.02359713705059759
0.05,50,10,17.0,1.7,74,1.0,0.024011632941970527
0.05,50,1500,17.0,1.7,100,1.0,0.012606875917353506
0.05,50,1500,17.0,1.7,74,1.0,0.012117178068628899
0.05,50,200,17.0,1.7,100,1.0,0.020840142582944886
0.05,50,200,17.0,1.7,74,1.0,0.02074403185163036
0.05,50,20,17.0,1.7,100,1.0,0.023414701850029838
0.05,50,20,17.0,1.7,74,1.0,0.023568108418622138
0.05,50,3000,17.0,1.7,100,1.0,0.010992149873385055
0.05,50,3000,17.0,1.7,74,1.0,0.010953395029944652
0.05,50,400,17.0,1.7,100,1.0,0.018253544412006644
0.05,50,400,17.0,1.7,74,1.0,0.018100058685810067
0.05,50,40,17.0,1.7,100,1.0,0.023153670220487428
0.05,50,40,17.0,1.7,74,1.0,0.023244765734434923
0.05,50,4,17.0,1.7,100,1.0,0.023894932176325424
0.05,50,4,17.0,1.7,74,1.0,0.023922429269951005
0.05,50,5000,17.0,1.7,100,1.0,0.010865765576864143
0.05,50,5000,17.0,1.7,74,1.0,0.010844413123288588
0.05,50,8,17.0,1.7,100,1.0,0.023762462297778997
0.05,50,8,17.0,1.7,74,1.0,0.023597617579439865
0.075,50,1000,17.0,1.7,100,1.0,0.015332660204196841
0.075,50,1000,17.0,1.7,74,1.0,0.014744301086742094
0.075,50,100,17.0,1.7,100,1.0,0.02708221100340328
0.075,50,100,17.0,1.7,74,1.0,0.02739594062931536
0.075,50,10,17.0,1.7,100,1.0,0.029024437490927275
0.075,50,10,17.0,1.7,74,1.0,0.02936062120108637
0.075,50,1500,17.0,1.7,100,1.0,0.013084038452233101
0.075,50,1500,17.0,1.7,74,1.0,0.012439706843906911
0.075,50,200,17.0,1.7,100,1.0,0.02508700140324844
0.075,50,200,17.0,1.7,74,1.0,0.024931778055973606
0.075,50,20,17.0,1.7,100,1.0,0.028967554315392184
0.075,50,20,17.0,1.7,74,1.0,0.02906088311598078
0.075,50,3000,17.0,1.7,100,1.0,0.010894299908063034
0.075,50,3000,17.0,1.7,74,1.0,0.01077859444383098
0.075,50,400,17.0,1.7,100,1.0,0.021613477636736076
0.075,50,400,17.0,1.7,74,1.0,0.021312507521833477
0.075,50,40,17.0,1.7,100,1.0,0.028370722108421103
0.075,50,40,17.0,1.7,74,1.0,0.028698012498960902
0.075,50,4,17.0,1.7,100,1.0,0.029688633687640124
0.075,50,4,17.0,1.7,74,1.0,0.029645882625898432
0.075,50,5000,17.0,1.7,100,1.0,0.010705235568315617
0.075,50,5000,17.0,1.7,74,1.0,0.010527475008902129
0.075,50,8,17.0,1.7,100,1.0,0.02929334344102324
0.075,50,8,17.0,1.7,74,1.0,0.029338288334675375
0.1,50,1000,17.0,1.7,100,1.0,0.016635326376231874
0.1,50,1000,17.0,1.7,74,1.0,0.01608828554306707
0.1,50,100,17.0,1.7,100,1.0,0.031461649381441636
0.1,50,100,17.0,1.7,74,1.0,0.03189813855558464
0.1,50,10,17.0,1.7,100,1.0,0.034414538944176516
0.1,50,10,17.0,1.7,74,1.0,0.03446762788977986
0.1,50,1500,17.0,1.7,100,1.0,0.013499690317585767
0.1,50,1500,17.0,1.7,74,1.0,0.01286218512209254
0.1,50,200,17.0,1.7,100,1.0,0.029047247536250584
0.1,50,200,17.0,1.7,74,1.0,0.028696903299929154
0.1,50,20,17.0,1.7,100,1.0,0.03422988435297344
0.1,50,20,17.0,1.7,74,1.0,0.034433593842084304
0.1,50,3000,17.0,1.7,100,1.0,0.010878775464120388
0.1,50,3000,17.0,1.7,74,1.0,0.01064774742024375
0.1,50,400,17.0,1.7,100,1.0,0.024365036532847304
0.1,50,400,17.0,1.7,74,1.0,0.024409103372635042
0.1,50,40,17.0,1.7,100,1.0,0.03344899756447685
0.1,50,40,17.0,1.7,74,1.0,0.03367102074847361
0.1,50,4,17.0,1.7,100,1.0,0.03487758028355296
0.1,50,4,17.0,1.7,74,1.0,0.034773400811675625
0.1,50,5000,17.0,1.7,100,1.0,0.010646457200922596
0.1,50,5000,17.0,1.7,74,1.0,0.01032619880965822
0.1,50,8,17.0,1.7,100,1.0,0.03472546170099518
0.1,50,8,17.0,1.7,74,1.0,0.03476492424815785
0.0001,66,1000,17.0,1.7,100,1.0,0.012075099598380618
0.0001,66,1000,17.0,1.7,74,1.0,0.011729189180470653
0.0001,66,100,17.0,1.7,100,1.0,0.0123266052678269
0.0001,66,100,17.0,1.7,74,1.0,0.011883607303839888
0.0001,66,10,17.0,1.7,100,1.0,0.01203805706543654
0.0001,66,10,17.0,1.7,74,1.0,0.012058907898018206
0.0001,66,1500,17.0,1.7,100,1.0,0.012223477798029
0.0001,66,1500,17.0,1.7,74,1.0,0.011865348944834098
0.0001,66,200,17.0,1.7,100,1.0,0.011976356070259198
0.0001,66,200,17.0,1.7,74,1.0,0.011843128983469956
0.0001,66,20,17.0,1.7,100,1.0,0.01204957176728657
0.0001,66,20,17.0,1.7,74,1.0,0.011901293693322598
0.0001,66,3000,17.0,1.7,100,1.0,0.012145941063565542
0.0001,66,3000,17.0,1.7,74,1.0,0.01200501869136847
0.0001,66,400,17.0,1.7,100,1.0,0.012083191664381683
0.0001,66,400,17.0,1.7,74,1.0,0.011926987656128448
0.0001,66,40,17.0,1.7,100,1.0,0.012057057371893096
0.0001,66,40,17.0,1.7,74,1.0,0.011835068059410387
0.0001,66,4,17.0,1.7,100,1.0,0.011944726527847224
0.0001,66,4,17.0,1.7,74,1.0,0.012124887870399895
0.0001,66,5000,17.0,1.7,100,1.0,0.012326560105808158
0.0001,66,5000,17.0,1.7,74,1.0,0.011898446252855195
0.0001,66,8,17.0,1.7,100,1.0,0.012107829158534814
0.0001,66,8,17.0,1.7,74,1.0,0.01199875928519939
0.00025,66,1000,17.0,1.7,100,1.0,0.012113863126824626
0.00025,66,1000,17.0,1.7,74,1.0,0.01188265939773222
0.00025,66,100,17.0,1.7,100,1.0,0.012089228858529977
0.00025,66,100,17.0,1.7,74,1.0,0.011798301957723883
0.00025,66,10,17.0,1.7,100,1.0,0.012222510040484524
0.00025,66,10,17.0,1.7,74,1.0,0.012071615299006064
0.00025,66,1500,17.0,1.7,100,1.0,0.01228218842239391
0.00025,66,1500,17.0,1.7,74,1.0,0.011781025004125376
0.00025,66,200,17.0,1.7,100,1.0,0.012182475523798772
0.00025,66,200,17.0,1.7,74,1.0,0.011914601600273949
0.00025,66,20,17.0,1.7,100,1.0,0.012302675849610478
0.00025,66,20,17.0,1.7,74,1.0,0.011973039267382725
0.00025,66,3000,17.0,1.7,100,1.0,0.012162284875562509
0.00025,66,3000,17.0,1.7,74,1.0,0.012031226310101777
0.00025,66,400,17.0,1.7,100,1.0,0.012249862094549912
0.00025,66,400,17.0,1.7,74,1.0,0.01207321209895445
0.00025,66,40,17.0,1.7,100,1.0,0.01226573815706705
0.00025,66,40,17.0,1.7,74,1.0,0.011859549843856043
0.00025,66,4,17.0,1.7,100,1.0,0.012350504040387749
0.00025,66,4,17.0,1.7,74,1.0,0.011909801274710386
0.00025,66,5000,17.0,1.7,100,1.0,0.012040763560702591
0.00025,66,5000,17.0,1.7,74,1.0,0.011880383926787901
0.00025,66,8,17.0,1.7,100,1.0,0.012238289327247213
0.00025,66,8,17.0,1.7,74,1.0,0.011857733437387948
0.0005,66,1000,17.0,1.7,100,1.0,0.011967401087114308
0.0005,66,1000,17.0,1.7,74,1.0,0.011995780328963122
0.0005,66,100,17.0,1.7,100,1.0,0.012414727656897691
0.0005,66,100,17.0,1.7,74,1.0,0.011970014404698835
0.0005,66,10,17.0,1.7,100,1.0,0.01207581090017581
0.0005,66,10,17.0,1.7,74,1.0,0.012094525097799343
0.0005,66,1500,17.0,1.7,100,1.0,0.012219751931482765
0.0005,66,1500,17.0,1.7,74,1.0,0.011947331656714065
0.0005,66,200,17.0,1.7,100,1.0,0.012246700753237956
0.0005,66,200,17.0,1.7,74,1.0,0.01190659898981001
0.0005,66,20,17.0,1.7,100,1.0,0.012224372973757641
0.0005,66,20,17.0,1.7,74,1.0,0.012009837627654044
0.0005,66,3000,17.0,1.7,100,1.0,0.012089030468233359
0.0005,66,3000,17.0,1.7,74,1.0,0.012087269397645371
0.0005,66,400,17.0,1.7,100,1.0,0.012071454378296424
0.0005,66,400,17.0,1.7,74,1.0,0.011913125149661223
0.0005,66,40,17.0,1.7,100,1.0,0.012145192664397814
0.0005,66,40,17.0,1.7,74,1.0,0.01195182924786628
0.0005,66,4,17.0,1.7,100,1.0,0.012150441136147357
0.0005,66,4,17.0,1.7,74,1.0,0.012067625160207299
0.0005,66,5000,17.0,1.7,100,1.0,0.012113043758770302
0.0005,66,5000,17.0,1.7,74,1.0,0.011867944520196976
0.0005,66,8,17.0,1.7,100,1.0,0.01225292343424894
0.0005,66,8,17.0,1.7,74,1.0,0.012149968920094244
0.00075,66,1000,17.0,1.7,100,1.0,0.012061326795593477
0.00075,66,1000,17.0,1.7,74,1.0,0.011837151219560613
0.00075,66,100,17.0,1.7,100,1.0,0.012065710737269955
0.00075,66,100,17.0,1.7,74,1.0,0.011945589693134008
0.00075,66,10,17.0,1.7,100,1.0,0.012201646800754851
0.00075,66,10,17.0,1.7,74,1.0,0.012119425003132804
0.00075,66,1500,17.0,1.7,100,1.0,0.01211592122453588
0.00075,66,1500,17.0,1.7,74,1.0,0.012084268108542694
0.00075,66,200,17.0,1.7,100,1.0,0.01232262617138986
0.00075,66,200,17.0,1.7,74,1.0,0.01199953349123497
0.00075,66,20,17.0,1.7,100,1.0,0.01231370989854675
0.00075,66,20,17.0,1.7,74,1.0,0.012036051449961352
0.00075,66,3000,17.0,1.7,100,1.0,0.012315727673026985
0.00075,66,3000,17.0,1.7,74,1.0,0.01194087993975089
0.00075,66,400,17.0,1.7,100,1.0,0.012095985419119663
0.00075,66,400,17.0,1.7,74,1.0,0.011923571968282367
0.00075,66,40,17.0,1.7,100,1.0,0.012340818400296778
0.00075,66,40,17.0,1.7,74,1.0,0.012007924445431502
0.00075,66,4,17.0,1.7,100,1.0,0.012307701737124793
0.00075,66,4,17.0,1.7,74,1.0,0.012034521648612198
0.00075,66,5000,17.0,1.7,100,1.0,0.011966920434200551
0.00075,66,5000,17.0,1.7,74,1.0,0.011837635098332851
0.00075,66,8,17.0,1.7,100,1.0,0.012393627316569622
0.00075,66,8,17.0,1.7,74,1.0,0.011898992167367464
0.001,66,1000,17.0,1.7,100,1.0,0.01222918111582445
0.001,66,1000,17.0,1.7,74,1.0,0.011900984755337246
0.001,66,100,17.0,1.7,100,1.0,0.01223529734350554
0.001,66,100,17.0,1.7,74,1.0,0.012119745107551363
0.001,66,10,17.0,1.7,100,1.0,0.01237037048984661
0.001,66,10,17.0,1.7,74,1.0,0.011908152364740375
0.001,66,1500,17.0,1.7,100,1.0,0.012210117905127502
0.001,66,1500,17.0,1.7,74,1.0,0.011961253717491722
0.001,66,200,17.0,1.7,100,1.0,0.012290835336053808
0.001,66,200,17.0,1.7,74,1.0,0.011993083014986593
0.001,66,20,17.0,1.7,100,1.0,0.012447695930579525
0.001,66,20,17.0,1.7,74,1.0,0.012070281530595407
0.001,66,3000,17.0,1.7,100,1.0,0.012243563605864611
0.001,66,3000,17.0,1.7,74,1.0,0.011812119798458288
0.001,66,400,17.0,1.7,100,1.0,0.01208190454684753
0.001,66,400,17.0,1.7,74,1.0,0.011980129952468216
0.001,66,40,17.0,1.7,100,1.0,0.012362868755947677
0.001,66,40,17.0,1.7,74,1.0,0.012158714718723752
0.001,66,4,17.0,1.7,100,1.0,0.01237195277343183
0.001,66,4,17.0,1.7,74,1.0,0.012339490587317165
0.001,66,5000,17.0,1.7,100,1.0,0.012103211342118421
0.001,66,5000,17.0,1.7,74,1.0,0.011905008393435626
0.001,66,8,17.0,1.7,100,1.0,0.012374909272730205
0.001,66,8,17.0,1.7,74,1.0,0.01205426514323432
0.0025,66,1000,17.0,1.7,100,1.0,0.012181510992112775
0.0025,66,1000,17.0,1.7,74,1.0,0.011895803530329895
0.0025,66,100,17.0,1.7,100,1.0,0.012720806787206246
0.0025,66,100,17.0,1.7,74,1.0,0.012420480727356645
0.0025,66,10,17.0,1.7,100,1.0,0.012659736447362055
0.0025,66,10,17.0,1.7,74,1.0,0.012664783675170939
0.0025,66,1500,17.0,1.7,100,1.0,0.0121339553863772
0.0025,66,1500,17.0,1.7,74,1.0,0.011888107376421705
0.0025,66,200,17.0,1.7,100,1.0,0.01242636332844078
0.0025,66,200,17.0,1.7,74,1.0,0.012350937422067602
0.0025,66,20,17.0,1.7,100,1.0,0.012520300327424636
0.0025,66,20,17.0,1.7,74,1.0,0.01248608972601295
0.0025,66,3000,17.0,1.7,100,1.0,0.01207197212858272
0.0025,66,3000,17.0,1.7,74,1.0,0.011885163160199854
0.0025,66,400,17.0,1.7,100,1.0,0.01247845287827223
0.0025,66,400,17.0,1.7,74,1.0,0.012058477369982393
0.0025,66,40,17.0,1.7,100,1.0,0.012791278891595025
0.0025,66,40,17.0,1.7,74,1.0,0.012312676259046362
0.0025,66,4,17.0,1.7,100,1.0,0.012679194825722995
0.0025,66,4,17.0,1.7,74,1.0,0.01235387915685985
0.0025,66,5000,17.0,1.7,100,1.0,0.01200440813561509
0.0025,66,5000,17.0,1.7,74,1.0,0.012167748363186999
0.0025,66,8,17.0,1.7,100,1.0,0.01262471491475669
0.0025,66,8,17.0,1.7,74,1.0,0.012616894565296959
0.005,66,1000,17.0,1.7,100,1.0,0.012542216809948548
0.005,66,1000,17.0,1.7,74,1.0,0.012166563480552416
0.005,66,100,17.0,1.7,100,1.0,0.013304090388554655
0.005,66,100,17.0,1.7,74,1.0,0.012945764633920895
0.005,66,10,17.0,1.7,100,1.0,0.013336261875191536
0.005,66,10,17.0,1.7,74,1.0,0.01283578271113554
0.005,66,1500,17.0,1.7,100,1.0,0.01235339279665801
0.005,66,1500,17.0,1.7,74,1.0,0.012026228710884915
0.005,66,200,17.0,1.7,100,1.0,0.012964759109017888
0.005,66,200,17.0,1.7,74,1.0,0.012743775023666635
0.005,66,20,17.0,1.7,100,1.0,0.01315357344473298
0.005,66,20,17.0,1.7,74,1.0,0.012936343886439855
0.005,66,3000,17.0,1.7,100,1.0,0.012146533008596912
0.005,66,3000,17.0,1.7,74,1.0,0.011843548345072563
0.005,66,400,17.0,1.7,100,1.0,0.01286781077114147
0.005,66,400,17.0,1.7,74,1.0,0.012504011851307775
0.005,66,40,17.0,1.7,100,1.0,0.0130576348005613
0.005,66,40,17.0,1.7,74,1.0,0.01272568788330333
0.005,66,4,17.0,1.7,100,1.0,0.013119913224406846
0.005,66,4,17.0,1.7,74,1.0,0.012979948808107327
0.005,66,5000,17.0,1.7,100,1.0,0.012102996822529395
0.005,66,5000,17.0,1.7,74,1.0,0.011880302039611062
0.005,66,8,17.0,1.7,100,1.0,0.013333469894675721
0.005,66,8,17.0,1.7,74,1.0,0.013143247968019335
0.0075,66,1000,17.0,1.7,100,1.0,0.01231352441168406
0.0075,66,1000,17.0,1.7,74,1.0,0.01252317345068841
0.0075,66,100,17.0,1.7,100,1.0,0.01345223471346312
0.0075,66,100,17.0,1.7,74,1.0,0.013348551527506027
0.0075,66,10,17.0,1.7,100,1.0,0.013541826481072276
0.0075,66,10,17.0,1.7,74,1.0,0.013634882448476215
0.0075,66,1500,17.0,1.7,100,1.0,0.012164607493669252
0.0075,66,1500,17.0,1.7,74,1.0,0.011971840736885335
0.0075,66,200,17.0,1.7,100,1.0,0.013408846916885757
0.0075,66,200,17.0,1.7,74,1.0,0.013140898054186978
0.0075,66,20,17.0,1.7,100,1.0,0.013476472201164534
0.0075,66,20,17.0,1.7,74,1.0,0.013275922564507865
0.0075,66,3000,17.0,1.7,100,1.0,0.011976120582590042
0.0075,66,3000,17.0,1.7,74,1.0,0.011850009987754146
0.0075,66,400,17.0,1.7,100,1.0,0.013199911288891756
0.0075,66,400,17.0,1.7,74,1.0,0.012540333777095661
0.0075,66,40,17.0,1.7,100,1.0,0.013807261407442055
0.0075,66,40,17.0,1.7,74,1.0,0.013488125739000753
0.0075,66,4,17.0,1.7,100,1.0,0.01361399216116389
0.0075,66,4,17.0,1.7,74,1.0,0.013690459027254782
0.0075,66,5000,17.0,1.7,100,1.0,0.011883638445781384
0.0075,66,5000,17.0,1.7,74,1.0,0.012041415060044393
0.0075,66,8,17.0,1.7,100,1.0,0.013753408925950419
0.0075,66,8,17.0,1.7,74,1.0,0.013676589076498753
0.01,66,1000,17.0,1.7,100,1.0,0.01259727737544154
0.01,66,1000,17.0,1.7,74,1.0,0.012306991303829963
0.01,66,100,17.0,1.7,100,1.0,0.014033142470039839
0.01,66,100,17.0,1.7,74,1.0,0.013761424191705325
0.01,66,10,17.0,1.7,100,1.0,0.014133965063952644
0.01,66,10,17.0,1.7,74,1.0,0.013898201832039474
0.01,66,1500,17.0,1.7,100,1.0,0.01227112050194358
0.01,66,1500,17.0,1.7,74,1.0,0.01211754532020988
0.01,66,200,17.0,1.7,100,1.0,0.013851654058936435
0.01,66,200,17.0,1.7,74,1.0,0.013506781126742739
0.01,66,20,17.0,1.7,100,1.0,0.014347324956854143
0.01,66,20,17.0,1.7,74,1.0,0.013994162436863125
0.01,66,3000,17.0,1.7,100,1.0,0.012136490911143728
0.01,66,3000,17.0,1.7,74,1.0,0.011908635002797811
0.01,66,400,17.0,1.7,100,1.0,0.013336213487314312
0.01,66,400,17.0,1.7,74,1.0,0.013219762849773012
0.01,66,40,17.0,1.7,100,1.0,0.01392081485185245
0.01,66,40,17.0,1.7,74,1.0,0.013876641930949259
0.01,66,4,17.0,1.7,100,1.0,0.014466881723898773
0.01,66,4,17.0,1.7,74,1.0,0.014002843718323001
0.01,66,5000,17.0,1.7,100,1.0,0.012097595122501976
0.01,66,5000,17.0,1.7,74,1.0,0.01177329411020277
0.01,66,8,17.0,1.7,100,1.0,0.01445485411055017
0.01,66,8,17.0,1.7,74,1.0,0.014019798086073348
0.025,66,1000,17.0,1.7,100,1.0,0.013828394006354942
0.025,66,1000,17.0,1.7,74,1.0,0.013215915393176316
0.025,66,100,17.0,1.7,100,1.0,0.016668904337166727
0.025,66,100,17.0,1.7,74,1.0,0.016634146704599454
0.025,66,10,17.0,1.7,100,1.0,0.017529821448733045
0.025,66,10,17.0,1.7,74,1.0,0.017390687442849575
0.025,66,1500,17.0,1.7,100,1.0,0.012746728173035049
0.025,66,1500,17.0,1.7,74,1.0,0.012373167309150147
0.025,66,200,17.0,1.7,100,1.0,0.016273757641252277
0.025,66,200,17.0,1.7,74,1.0,0.016080392115505587
0.025,66,20,17.0,1.7,100,1.0,0.017354476685107825
0.025,66,20,17.0,1.7,74,1.0,0.017199157058364466
0.025,66,3000,17.0,1.7,100,1.0,0.01209002564557493
0.025,66,3000,17.0,1.7,74,1.0,0.01144778761940329
0.025,66,400,17.0,1.7,100,1.0,0.015244991048242713
0.025,66,400,17.0,1.7,74,1.0,0.015239847540965301
0.025,66,40,17.0,1.7,100,1.0,0.016867488185293312
0.025,66,40,17.0,1.7,74,1.0,0.017089255782041148
0.025,66,4,17.0,1.7,100,1.0,0.01748415942192616
0.025,66,4,17.0,1.7,74,1.0,0.017569221339798286
0.025,66,5000,17.0,1.7,100,1.0,0.012023868126905273
0.025,66,5000,17.0,1.7,74,1.0,0.011587011949324245
0.025,66,8,17.0,1.7,100,1.0,0.01749198051581477
0.025,66,8,17.0,1.7,74,1.0,0.01738935739658332
0.05,66,1000,17.0,1.7,100,1.0,0.01507335602187132
0.05,66,1000,17.0,1.7,74,1.0,0.014663734030449623
0.05,66,100,17.0,1.7,100,1.0,0.021111058242874885
0.05,66,100,17.0,1.7,74,1.0,0.02151046108684135
0.05,66,10,17.0,1.7,100,1.0,0.022569830158550946
0.05,66,10,17.0,1.7,74,1.0,0.022356301032150642
0.05,66,1500,17.0,1.7,100,1.0,0.013603591993419248
0.05,66,1500,17.0,1.7,74,1.0,0.013129830878165528
0.05,66,200,17.0,1.7,100,1.0,0.020212309875965742
0.05,66,200,17.0,1.7,74,1.0,0.020128954933516296
0.05,66,20,17.0,1.7,100,1.0,0.022275560896143486
0.05,66,20,17.0,1.7,74,1.0,0.022315732139600267
0.05,66,3000,17.0,1.7,100,1.0,0.011708332392457943
0.05,66,3000,17.0,1.7,74,1.0,0.011751739171971757
0.05,66,400,17.0,1.7,100,1.0,0.018626884304585558
0.05,66,400,17.0,1.7,74,1.0,0.018222274056529448
0.05,66,40,17.0,1.7,100,1.0,0.02229898546750754
0.05,66,40,17.0,1.7,74,1.0,0.02185745427655781
0.05,66,4,17.0,1.7,100,1.0,0.022842571654381524
0.05,66,4,17.0,1.7,74,1.0,0.022482784461784124
0.05,66,5000,17.0,1.7,100,1.0,0.011609640478072227
0.05,66,5000,17.0,1.7,74,1.0,0.011415336723793312
0.05,66,8,17.0,1.7,100,1.0,0.022555452507298505
0.05,66,8,17.0,1.7,74,1.0,0.02241498187936034
0.075,66,1000,17.0,1.7,100,1.0,0.016436200583880387
0.075,66,1000,17.0,1.7,74,1.0,0.015891544156419395
0.075,66,100,17.0,1.7,100,1.0,0.025607438829658543
0.075,66,100,17.0,1.7,74,1.0,0.02563371493584884
0.075,66,10,17.0,1.7,100,1.0,0.027027695607993677
0.075,66,10,17.0,1.7,74,1.0,0.02718265307008674
0.075,66,1500,17.0,1.7,100,1.0,0.014093928934337651
0.075,66,1500,17.0,1.7,74,1.0,0.013429877901256472
0.075,66,200,17.0,1.7,100,1.0,0.024071297924160066
0.075,66,200,17.0,1.7,74,1.0,0.023761221955192827
0.075,66,20,17.0,1.7,100,1.0,0.026683296504782336
0.075,66,20,17.0,1.7,74,1.0,0.02661447765286537
0.075,66,3000,17.0,1.7,100,1.0,0.011797611251794383
0.075,66,3000,17.0,1.7,74,1.0,0.011614980142359616
0.075,66,400,17.0,1.7,100,1.0,0.021381062597783836
0.075,66,400,17.0,1.7,74,1.0,0.020974662122341923
0.075,66,40,17.0,1.7,100,1.0,0.02622855207342054
0.075,66,40,17.0,1.7,74,1.0,0.026292986115160667
0.075,66,4,17.0,1.7,100,1.0,0.02706234939273214
0.075,66,4,17.0,1.7,74,1.0,0.02747590717964434
0.075,66,5000,17.0,1.7,100,1.0,0.011730087582057775
0.075,66,5000,17.0,1.7,74,1.0,0.011178945814262512
0.075,66,8,17.0,1.7,100,1.0,0.02714717979322247
0.075,66,8,17.0,1.7,74,1.0,0.027181391263134517
0.1,66,1000,17.0,1.7,100,1.0,0.017644570073710866
0.1,66,1000,17.0,1.7,74,1.0,0.0169701446797529
0.1,66,100,17.0,1.7,100,1.0,0.029421455184761046
0.1,66,100,17.0,1.7,74,1.0,0.029449586655864175
0.1,66,10,17.0,1.7,100,1.0,0.031178156099291924
0.1,66,10,17.0,1.7,74,1.0,0.03128312243249581
0.1,66,1500,17.0,1.7,100,1.0,0.014978872239874836
0.1,66,1500,17.0,1.7,74,1.0,0.013938407195153272
0.1,66,200,17.0,1.7,100,1.0,0.027215627671414055
0.1,66,200,17.0,1.7,74,1.0,0.027155507470964173
0.1,66,20,17.0,1.7,100,1.0,0.031152771818900304
0.1,66,20,17.0,1.7,74,1.0,0.03114590061626304
0.1,66,3000,17.0,1.7,100,1.0,0.011684883627155277
0.1,66,3000,17.0,1.7,74,1.0,0.011344572555140467
0.1,66,400,17.0,1.7,100,1.0,0.024105743641026467
0.1,66,400,17.0,1.7,74,1.0,0.023747492205209265
0.1,66,40,17.0,1.7,100,1.0,0.030728397232213423
0.1,66,40,17.0,1.7,74,1.0,0.03093421481984201
0.1,66,4,17.0,1.7,100,1.0,0.031709377570605976
0.1,66,4,17.0,1.7,74,1.0,0.03190054306086823
0.1,66,5000,17.0,1.7,100,1.0,0.011179178696430588
0.1,66,5000,17.0,1.7,74,1.0,0.010929268089931972
0.1,66,8,17.0,1.7,100,1.0,0.031254167002693595
0.1,66,8,17.0,1.7,74,1.0,0.03134093726077468
0.0001,50,1000,17.0,17.0,100,1.0,0.0064217761576799625
0.0001,50,1000,17.0,17.0,74,1.0,0.006353700493928562
0.0001,50,100,17.0,17.0,100,1.0,0.006425502024226197
0.0001,50,100,17.0,17.0,74,1.0,0.00625416414904955
0.0001,50,10,17.0,17.0,100,1.0,0.006538090936950596
0.0001,50,10,17.0,17.0,74,1.0,0.006458410619526122
0.0001,50,1500,17.0,17.0,100,1.0,0.006373494733786029
0.0001,50,1500,17.0,17.0,74,1.0,0.006373094106976912
0.0001,50,200,17.0,17.0,100,1.0,0.0062956128324650395
0.0001,50,200,17.0,17.0,74,1.0,0.006362420237547256
0.0001,50,20,17.0,17.0,100,1.0,0.006468751108888853
0.0001,50,20,17.0,17.0,74,1.0,0.006361858193742579
0.0001,50,3000,17.0,17.0,100,1.0,0.006571259213858288
0.0001,50,3000,17.0,17.0,74,1.0,0.006299117727705286
0.0001,50,400,17.0,17.0,100,1.0,0.006490806303327473
0.0001,50,400,17.0,17.0,74,1.0,0.00641216545676295
0.0001,50,40,17.0,17.0,100,1.0,0.006473094727334312
0.0001,50,40,17.0,17.0,74,1.0,0.006341808242564706
0.0001,50,4,17.0,17.0,100,1.0,0.006359691285343312
0.0001,50,4,17.0,17.0,74,1.0,0.006353401481661615
0.0001,50,5000,17.0,17.0,100,1.0,0.0064568638203842
0.0001,50,5000,17.0,17.0,74,1.0,0.0063493691585596295
0.0001,50,8,17.0,17.0,100,1.0,0.006481185180406136
0.0001,50,8,17.0,17.0,74,1.0,0.006486634399810419
0.00025,50,1000,17.0,17.0,100,1.0,0.006436686075581864
0.00025,50,1000,17.0,17.0,74,1.0,0.006364842112838048
0.00025,50,100,17.0,17.0,100,1.0,0.006548834658623526
0.00025,50,100,17.0,17.0,74,1.0,0.006422751235441762
0.00025,50,10,17.0,17.0,100,1.0,0.0065997354796045096
0.00025,50,10,17.0,17.0,74,1.0,0.0064625930691189805
0.00025,50,1500,17.0,17.0,100,1.0,0.006419966451071791
0.00025,50,1500,17.0,17.0,74,1.0,0.006474201196793497
0.00025,50,200,17.0,17.0,100,1.0,0.006598938692559558
0.00025,50,200,17.0,17.0,74,1.0,0.006409633157854903
0.00025,50,20,17.0,17.0,100,1.0,0.006514667978515782
0.00025,50,20,17.0,17.0,74,1.0,0.006444781367441411
0.00025,50,3000,17.0,17.0,100,1.0,0.006570964047807223
0.00025,50,3000,17.0,17.0,74,1.0,0.006447466274269932
0.00025,50,400,17.0,17.0,100,1.0,0.006716730915014758
0.00025,50,400,17.0,17.0,74,1.0,0.006476774439289964
0.00025,50,40,17.0,17.0,100,1.0,0.006611748576589945
0.00025,50,40,17.0,17.0,74,1.0,0.006301669878050142
0.00025,50,4,17.0,17.0,100,1.0,0.00661155502508105
0.00025,50,4,17.0,17.0,74,1.0,0.006345628403435787
0.00025,50,5000,17.0,17.0,100,1.0,0.006367539799029017
0.00025,50,5000,17.0,17.0,74,1.0,0.006377266630851366
0.00025,50,8,17.0,17.0,100,1.0,0.006452871820513234
0.00025,50,8,17.0,17.0,74,1.0,0.0062778618017412195
0.0005,50,1000,17.0,17.0,100,1.0,0.006511898579009339
0.0005,50,1000,17.0,17.0,74,1.0,0.006413138177166629
0.0005,50,100,17.0,17.0,100,1.0,0.006541508734011839
0.0005,50,100,17.0,17.0,74,1.0,0.006512088904659753
0.0005,50,10,17.0,17.0,100,1.0,0.006583527153663769
0.0005,50,10,17.0,17.0,74,1.0,0.006349834426609858
0.0005,50,1500,17.0,17.0,100,1.0,0.0066042291004693625
0.0005,50,1500,17.0,17.0,74,1.0,0.00638933754514651
0.0005,50,200,17.0,17.0,100,1.0,0.00665930095646704
0.0005,50,200,17.0,17.0,74,1.0,0.006241740871751033
0.0005,50,20,17.0,17.0,100,1.0,0.006601911321150341
0.0005,50,20,17.0,17.0,74,1.0,0.006576304580594972
0.0005,50,3000,17.0,17.0,100,1.0,0.006546281391635349
0.0005,50,3000,17.0,17.0,74,1.0,0.006456652526653656
0.0005,50,400,17.0,17.0,100,1.0,0.006533027952063743
0.0005,50,400,17.0,17.0,74,1.0,0.006435095106993041
0.0005,50,40,17.0,17.0,100,1.0,0.0064631623090695015
0.0005,50,40,17.0,17.0,74,1.0,0.006457284050487166
0.0005,50,4,17.0,17.0,100,1.0,0.006436724785883643
0.0005,50,4,17.0,17.0,74,1.0,0.006446767751837189
0.0005,50,5000,17.0,17.0,100,1.0,0.0064553508927563345
0.0005,50,5000,17.0,17.0,74,1.0,0.006339412422284726
0.0005,50,8,17.0,17.0,100,1.0,0.006561634865078469
0.0005,50,8,17.0,17.0,74,1.0,0.006447357091367479
0.00075,50,1000,17.0,17.0,100,1.0,0.006631098888691753
0.00075,50,1000,17.0,17.0,74,1.0,0.006507426298439057
0.00075,50,100,17.0,17.0,100,1.0,0.0065330811787286894
0.00075,50,100,17.0,17.0,74,1.0,0.006448347181778366
0.00075,50,10,17.0,17.0,100,1.0,0.006515174438297392
0.00075,50,10,17.0,17.0,74,1.0,0.006563296926625367
0.00075,50,1500,17.0,17.0,100,1.0,0.006581691640187745
0.00075,50,1500,17.0,17.0,74,1.0,0.006368890565232442
0.00075,50,200,17.0,17.0,100,1.0,0.006627923031016629
0.00075,50,200,17.0,17.0,74,1.0,0.00640276083857432
0.00075,50,20,17.0,17.0,100,1.0,0.006530737592541815
0.00075,50,20,17.0,17.0,74,1.0,0.006563814304697223
0.00075,50,3000,17.0,17.0,100,1.0,0.006466257520282585
0.00075,50,3000,17.0,17.0,74,1.0,0.00649853781760748
0.00075,50,400,17.0,17.0,100,1.0,0.006539615155083146
0.00075,50,400,17.0,17.0,74,1.0,0.006321058528239289
0.00075,50,40,17.0,17.0,100,1.0,0.0065315505088791755
0.00075,50,40,17.0,17.0,74,1.0,0.006423139579174354
0.00075,50,4,17.0,17.0,100,1.0,0.006514266359134825
0.00075,50,4,17.0,17.0,74,1.0,0.006477043674401696
0.00075,50,5000,17.0,17.0,100,1.0,0.006425090727269794
0.00075,50,5000,17.0,17.0,74,1.0,0.006450393120484573
0.00075,50,8,17.0,17.0,100,1.0,0.006554362167131728
0.00075,50,8,17.0,17.0,74,1.0,0.006386481419675504
0.001,50,1000,17.0,17.0,100,1.0,0.006540670010806626
0.001,50,1000,17.0,17.0,74,1.0,0.0064359462373462595
0.001,50,100,17.0,17.0,100,1.0,0.006666438168357554
0.001,50,100,17.0,17.0,74,1.0,0.006524379425474605
0.001,50,10,17.0,17.0,100,1.0,0.006648463684898144
0.001,50,10,17.0,17.0,74,1.0,0.006603385662547907
0.001,50,1500,17.0,17.0,100,1.0,0.006575986709463056
0.001,50,1500,17.0,17.0,74,1.0,0.006392132875592286
0.001,50,200,17.0,17.0,100,1.0,0.006626343973289892
0.001,50,200,17.0,17.0,74,1.0,0.006429510649675491
0.001,50,20,17.0,17.0,100,1.0,0.00688692236971564
0.001,50,20,17.0,17.0,74,1.0,0.0064636749724251135
0.001,50,3000,17.0,17.0,100,1.0,0.0065250068549492736
0.001,50,3000,17.0,17.0,74,1.0,0.006416476940695073
0.001,50,400,17.0,17.0,100,1.0,0.006613905062984887
0.001,50,400,17.0,17.0,74,1.0,0.006287615060788822
0.001,50,40,17.0,17.0,100,1.0,0.006623422958434814
0.001,50,40,17.0,17.0,74,1.0,0.006503376605329863
0.001,50,4,17.0,17.0,100,1.0,0.006557684801367764
0.001,50,4,17.0,17.0,74,1.0,0.006478536254306831
0.001,50,5000,17.0,17.0,100,1.0,0.00656754625074598
0.001,50,5000,17.0,17.0,74,1.0,0.006346321963009329
0.001,50,8,17.0,17.0,100,1.0,0.006627723027790771
0.001,50,8,17.0,17.0,74,1.0,0.006543873536421803
0.0025,50,1000,17.0,17.0,100,1.0,0.006536526395587026
0.0025,50,1000,17.0,17.0,74,1.0,0.006463502513067829
0.0025,50,100,17.0,17.0,100,1.0,0.0067608848529815
0.0025,50,100,17.0,17.0,74,1.0,0.006752637449487398
0.0025,50,10,17.0,17.0,100,1.0,0.0068160244520072905
0.0025,50,10,17.0,17.0,74,1.0,0.006833638755960084
0.0025,50,1500,17.0,17.0,100,1.0,0.0064844707172696334
0.0025,50,1500,17.0,17.0,74,1.0,0.006360431371721876
0.0025,50,200,17.0,17.0,100,1.0,0.006636847368505944
0.0025,50,200,17.0,17.0,74,1.0,0.006799697761874571
0.0025,50,20,17.0,17.0,100,1.0,0.006794325714930886
0.0025,50,20,17.0,17.0,74,1.0,0.006785015142924141
0.0025,50,3000,17.0,17.0,100,1.0,0.0065431894062807465
0.0025,50,3000,17.0,17.0,74,1.0,0.0064112721421065106
0.0025,50,400,17.0,17.0,100,1.0,0.0065815045403958125
0.0025,50,400,17.0,17.0,74,1.0,0.006493794564924745
0.0025,50,40,17.0,17.0,100,1.0,0.006756065420410007
0.0025,50,40,17.0,17.0,74,1.0,0.006680375738070217
0.0025,50,4,17.0,17.0,100,1.0,0.006769294666043001
0.0025,50,4,17.0,17.0,74,1.0,0.006735562732401391
0.0025,50,5000,17.0,17.0,100,1.0,0.006581022274552815
0.0025,50,5000,17.0,17.0,74,1.0,0.006339576196638407
0.0025,50,8,17.0,17.0,100,1.0,0.0068436184454587976
0.0025,50,8,17.0,17.0,74,1.0,0.006914009779314058
0.005,50,1000,17.0,17.0,100,1.0,0.006610927595606381
0.005,50,1000,17.0,17.0,74,1.0,0.006513291157301544
0.005,50,100,17.0,17.0,100,1.0,0.007078789980483557
0.005,50,100,17.0,17.0,74,1.0,0.006900245289316081
0.005,50,10,17.0,17.0,100,1.0,0.00708714495395087
0.005,50,10,17.0,17.0,74,1.0,0.007069104092249627
0.005,50,1500,17.0,17.0,100,1.0,0.006539936128002064
0.005,50,1500,17.0,17.0,74,1.0,0.006266030345402593
0.005,50,200,17.0,17.0,100,1.0,0.007085465894611204
0.005,50,200,17.0,17.0,74,1.0,0.006864156617910711
0.005,50,20,17.0,17.0,100,1.0,0.007091411151792771
0.005,50,20,17.0,17.0,74,1.0,0.00714549118037884
0.005,50,3000,17.0,17.0,100,1.0,0.006477343182954564
0.005,50,3000,17.0,17.0,74,1.0,0.006429010641610845
0.005,50,400,17.0,17.0,100,1.0,0.006945497508024323
0.005,50,400,17.0,17.0,74,1.0,0.00665331078540969
0.005,50,40,17.0,17.0,100,1.0,0.007268693043436185
0.005,50,40,17.0,17.0,74,1.0,0.007131389215955096
0.005,50,4,17.0,17.0,100,1.0,0.007258107388828852
0.005,50,4,17.0,17.0,74,1.0,0.0070141726851673785
0.005,50,5000,17.0,17.0,100,1.0,0.0063892046645913645
0.005,50,5000,17.0,17.0,74,1.0,0.0062264019146710805
0.005,50,8,17.0,17.0,100,1.0,0.007127968193035372
0.005,50,8,17.0,17.0,74,1.0,0.007284237835101559
0.0075,50,1000,17.0,17.0,100,1.0,0.006674180228713366
0.0075,50,1000,17.0,17.0,74,1.0,0.006505008145292666
0.0075,50,100,17.0,17.0,100,1.0,0.007358744495878966
0.0075,50,100,17.0,17.0,74,1.0,0.007420422413761016
0.0075,50,10,17.0,17.0,100,1.0,0.007566567202696817
0.0075,50,10,17.0,17.0,74,1.0,0.007539875953334235
0.0075,50,1500,17.0,17.0,100,1.0,0.006707845287827223
0.0075,50,1500,17.0,17.0,74,1.0,0.006467601834769047
0.0075,50,200,17.0,17.0,100,1.0,0.007331363409087244
0.0075,50,200,17.0,17.0,74,1.0,0.007211224250515207
0.0075,50,20,17.0,17.0,100,1.0,0.007503283923934257
0.0075,50,20,17.0,17.0,74,1.0,0.0073545789200073946
0.0075,50,3000,17.0,17.0,100,1.0,0.0065336537686091715
0.0075,50,3000,17.0,17.0,74,1.0,0.0062982281351932476
0.0075,50,400,17.0,17.0,100,1.0,0.007059294504750077
0.0075,50,400,17.0,17.0,74,1.0,0.007029687823749018
0.0075,50,40,17.0,17.0,100,1.0,0.007489346602364554
0.0075,50,40,17.0,17.0,74,1.0,0.0072925741978468635
0.0075,50,4,17.0,17.0,100,1.0,0.007687851416958338
0.0075,50,4,17.0,17.0,74,1.0,0.007580458493747418
0.0075,50,5000,17.0,17.0,100,1.0,0.006326477846416878
0.0075,50,5000,17.0,17.0,74,1.0,0.006331202612449084
0.0075,50,8,17.0,17.0,100,1.0,0.007399953225052017
0.0075,50,8,17.0,17.0,74,1.0,0.007419875258533946
0.01,50,1000,17.0,17.0,100,1.0,0.006734392490201455
0.01,50,1000,17.0,17.0,74,1.0,0.006585908953866502
0.01,50,100,17.0,17.0,100,1.0,0.007658515459926773
0.01,50,100,17.0,17.0,74,1.0,0.007650398827772656
0.01,50,10,17.0,17.0,100,1.0,0.007952833110211456
0.01,50,10,17.0,17.0,74,1.0,0.0077685955232528565
0.01,50,1500,17.0,17.0,100,1.0,0.006602243584573945
0.01,50,1500,17.0,17.0,74,1.0,0.0063961924944198854
0.01,50,200,17.0,17.0,100,1.0,0.007538410296940273
0.01,50,200,17.0,17.0,74,1.0,0.007540397053550491
0.01,50,20,17.0,17.0,100,1.0,0.007856654139582897
0.01,50,20,17.0,17.0,74,1.0,0.00775339180408617
0.01,50,3000,17.0,17.0,100,1.0,0.006386398167712383
0.01,50,3000,17.0,17.0,74,1.0,0.006257485542570786
0.01,50,400,17.0,17.0,100,1.0,0.0071928111743737805
0.01,50,400,17.0,17.0,74,1.0,0.007105269687972635
0.01,50,40,17.0,17.0,100,1.0,0.007875644768464007
0.01,50,40,17.0,17.0,74,1.0,0.0075924375951473165
0.01,50,4,17.0,17.0,100,1.0,0.007945302343586187
0.01,50,4,17.0,17.0,74,1.0,0.007736788558624395
0.01,50,5000,17.0,17.0,100,1.0,0.006333905385570735
0.01,50,5000,17.0,17.0,74,1.0,0.0063684377043302185
0.01,50,8,17.0,17.0,100,1.0,0.008009942095840255
0.01,50,8,17.0,17.0,74,1.0,0.007854171345195393
0.025,50,1000,17.0,17.0,100,1.0,0.007343332956983177
0.025,50,1000,17.0,17.0,74,1.0,0.0070995636406046255
0.025,50,100,17.0,17.0,100,1.0,0.009504883949741125
0.025,50,100,17.0,17.0,74,1.0,0.00955773728360383
0.025,50,10,17.0,17.0,100,1.0,0.010043770060807432
0.025,50,10,17.0,17.0,74,1.0,0.010095311710982931
0.025,50,1500,17.0,17.0,100,1.0,0.006726243971676963
0.025,50,1500,17.0,17.0,74,1.0,0.006707386099279517
0.025,50,200,17.0,17.0,100,1.0,0.008990791786964306
0.025,50,200,17.0,17.0,74,1.0,0.009022878780923265
0.025,50,20,17.0,17.0,100,1.0,0.010017393828932724
0.025,50,20,17.0,17.0,74,1.0,0.010051611254275814
0.025,50,3000,17.0,17.0,100,1.0,0.0064929740802271005
0.025,50,3000,17.0,17.0,74,1.0,0.006312743257645595
0.025,50,400,17.0,17.0,100,1.0,0.008641847449152406
0.025,50,400,17.0,17.0,74,1.0,0.008290834715696407
0.025,50,40,17.0,17.0,100,1.0,0.009746024935886062
0.025,50,40,17.0,17.0,74,1.0,0.009674741652160642
0.025,50,4,17.0,17.0,100,1.0,0.010040878078678688
0.025,50,4,17.0,17.0,74,1.0,0.010051149708369986
0.025,50,5000,17.0,17.0,100,1.0,0.006532152131485992
0.025,50,5000,17.0,17.0,74,1.0,0.006302230681140018
0.025,50,8,17.0,17.0,100,1.0,0.01005798158034807
0.025,50,8,17.0,17.0,74,1.0,0.010121377888228967
0.05,50,1000,17.0,17.0,100,1.0,0.007963957483185213
0.05,50,1000,17.0,17.0,74,1.0,0.007812289776385971
0.05,50,100,17.0,17.0,100,1.0,0.01238095291859546
0.05,50,100,17.0,17.0,74,1.0,0.012355336996750567
0.05,50,10,17.0,17.0,100,1.0,0.013462371973741512
0.05,50,10,17.0,17.0,74,1.0,0.013394764431684383
0.05,50,1500,17.0,17.0,100,1.0,0.006960450975015726
0.05,50,1500,17.0,17.0,74,1.0,0.006814420083698621
0.05,50,200,17.0,17.0,100,1.0,0.011838694172486654
0.05,50,200,17.0,17.0,74,1.0,0.011370440218018404
0.05,50,20,17.0,17.0,100,1.0,0.013215997032210196
0.05,50,20,17.0,17.0,74,1.0,0.013431446164764445
0.05,50,3000,17.0,17.0,100,1.0,0.006354747657220277
0.05,50,3000,17.0,17.0,74,1.0,0.006251734829469955
0.05,50,400,17.0,17.0,100,1.0,0.010562617138986112
0.05,50,400,17.0,17.0,74,1.0,0.010328805551454304
0.05,50,40,17.0,17.0,100,1.0,0.013068773689898224
0.05,50,40,17.0,17.0,74,1.0,0.01304605781482828
0.05,50,4,17.0,17.0,100,1.0,0.013468454329908546
0.05,50,4,17.0,17.0,74,1.0,0.013415177912298834
0.05,50,5000,17.0,17.0,100,1.0,0.006224713301827449
0.05,50,5000,17.0,17.0,74,1.0,0.00604640521497245
0.05,50,8,17.0,17.0,100,1.0,0.013446144292649882
0.05,50,8,17.0,17.0,74,1.0,0.013309342458377121
0.075,50,1000,17.0,17.0,100,1.0,0.008578010935660253
0.075,50,1000,17.0,17.0,74,1.0,0.008398972936288055
0.075,50,100,17.0,17.0,100,1.0,0.015265405893643447
0.075,50,100,17.0,17.0,74,1.0,0.01504319548578327
0.075,50,10,17.0,17.0,100,1.0,0.016339069984999757
0.075,50,10,17.0,17.0,74,1.0,0.016882892652114737
0.075,50,1500,17.0,17.0,100,1.0,0.007332782786819142
0.075,50,1500,17.0,17.0,74,1.0,0.0071207724194062684
0.075,50,200,17.0,17.0,100,1.0,0.014092440200648398
0.075,50,200,17.0,17.0,74,1.0,0.013968062760317474
0.075,50,20,17.0,17.0,100,1.0,0.01647382054549267
0.075,50,20,17.0,17.0,74,1.0,0.016497795870156713
0.075,50,3000,17.0,17.0,100,1.0,0.006355049274988306
0.075,50,3000,17.0,17.0,74,1.0,0.006097489165458003
0.075,50,400,17.0,17.0,100,1.0,0.012311517927708512
0.075,50,400,17.0,17.0,74,1.0,0.011979531927934321
0.075,50,40,17.0,17.0,100,1.0,0.0161025935902192
0.075,50,40,17.0,17.0,74,1.0,0.01626634672767675
0.075,50,4,17.0,17.0,100,1.0,0.016976814142163583
0.075,50,4,17.0,17.0,74,1.0,0.016722454580532935
0.075,50,5000,17.0,17.0,100,1.0,0.005958441265181696
0.075,50,5000,17.0,17.0,74,1.0,0.005917746812293499
0.075,50,8,17.0,17.0,100,1.0,0.016460828400458073
0.075,50,8,17.0,17.0,74,1.0,0.01678563798175405
0.1,50,1000,17.0,17.0,100,1.0,0.009525111695349925
0.1,50,1000,17.0,17.0,74,1.0,0.009041344339300757
0.1,50,100,17.0,17.0,100,1.0,0.017885391699866127
0.1,50,100,17.0,17.0,74,1.0,0.01788834187151902
0.1,50,10,17.0,17.0,100,1.0,0.019680083549734672
0.1,50,10,17.0,17.0,74,1.0,0.019357873017803017
0.1,50,1500,17.0,17.0,100,1.0,0.007659070307585606
0.1,50,1500,17.0,17.0,74,1.0,0.007378796432200519
0.1,50,200,17.0,17.0,100,1.0,0.016379564186519136
0.1,50,200,17.0,17.0,74,1.0,0.016358155900777556
0.1,50,20,17.0,17.0,100,1.0,0.018851410506621074
0.1,50,20,17.0,17.0,74,1.0,0.019338191558920925
0.1,50,3000,17.0,17.0,100,1.0,0.0061413264730076295
0.1,50,3000,17.0,17.0,74,1.0,0.005879051399092045
0.1,50,400,17.0,17.0,100,1.0,0.013956739624832659
0.1,50,400,17.0,17.0,74,1.0,0.013619003780457998
0.1,50,40,17.0,17.0,100,1.0,0.018612295359602574
0.1,50,40,17.0,17.0,74,1.0,0.018502789747229173
0.1,50,4,17.0,17.0,100,1.0,0.01957646413651833
0.1,50,4,17.0,17.0,74,1.0,0.019549682563118263
0.1,50,5000,17.0,17.0,100,1.0,0.005926674623784255
0.1,50,5000,17.0,17.0,74,1.0,0.0058491464502529195
0.1,50,8,17.0,17.0,100,1.0,0.019492146647526572
0.1,50,8,17.0,17.0,74,1.0,0.01958948097177746
0.0001,66,1000,17.0,17.0,100,1.0,0.006755410571138244
0.0001,66,1000,17.0,17.0,74,1.0,0.006734231445420335
0.0001,66,100,17.0,17.0,100,1.0,0.0067068243036178
0.0001,66,100,17.0,17.0,74,1.0,0.006659649597326012
0.0001,66,10,17.0,17.0,100,1.0,0.00695848804012968
0.0001,66,10,17.0,17.0,74,1.0,0.006703326480451918
0.0001,66,1500,17.0,17.0,100,1.0,0.006759638058678366
0.0001,66,1500,17.0,17.0,74,1.0,0.0067135177118241365
0.0001,66,200,17.0,17.0,100,1.0,0.006717419635800578
0.0001,66,200,17.0,17.0,74,1.0,0.006663286132406602
0.0001,66,20,17.0,17.0,100,1.0,0.0070650381457765445
0.0001,66,20,17.0,17.0,74,1.0,0.006791616986378192
0.0001,66,3000,17.0,17.0,100,1.0,0.006863378441587768
0.0001,66,3000,17.0,17.0,74,1.0,0.006722610910597814
0.0001,66,400,17.0,17.0,100,1.0,0.00696332360199358
0.0001,66,400,17.0,17.0,74,1.0,0.006666546730902607
0.0001,66,40,17.0,17.0,100,1.0,0.006877791577283504
0.0001,66,40,17.0,17.0,74,1.0,0.006708520112607275
0.0001,66,4,17.0,17.0,100,1.0,0.006785935257020275
0.0001,66,4,17.0,17.0,74,1.0,0.006666459880866565
0.0001,66,5000,17.0,17.0,100,1.0,0.006829969838223197
0.0001,66,5000,17.0,17.0,74,1.0,0.006634981705660265
0.0001,66,8,17.0,17.0,100,1.0,0.006966441394216036
0.0001,66,8,17.0,17.0,74,1.0,0.006676749128708031
0.00025,66,1000,17.0,17.0,100,1.0,0.006838292553105695
0.00025,66,1000,17.0,17.0,74,1.0,0.006519092739709202
0.00025,66,100,17.0,17.0,100,1.0,0.00706283488443362
0.00025,66,100,17.0,17.0,74,1.0,0.0066728991906817355
0.00025,66,10,17.0,17.0,100,1.0,0.006875941547444314
0.00025,66,10,17.0,17.0,74,1.0,0.006610173613222049
0.00025,66,1500,17.0,17.0,100,1.0,0.006975280246455588
0.00025,66,1500,17.0,17.0,74,1.0,0.006656757491125788
0.00025,66,200,17.0,17.0,100,1.0,0.006951641155502508
0.00025,66,200,17.0,17.0,74,1.0,0.00683606807553968
0.00025,66,20,17.0,17.0,100,1.0,0.006827368183357796
0.00025,66,20,17.0,17.0,74,1.0,0.0065700451744258904
0.00025,66,3000,17.0,17.0,100,1.0,0.0069648591106308165
0.00025,66,3000,17.0,17.0,74,1.0,0.006723876439694436
0.00025,66,400,17.0,17.0,100,1.0,0.007023277794803142
0.00025,66,400,17.0,17.0,74,1.0,0.00664165302914315
0.00025,66,40,17.0,17.0,100,1.0,0.006962925208471104
0.00025,66,40,17.0,17.0,74,1.0,0.0067639974342017925
0.00025,66,4,17.0,17.0,100,1.0,0.006971555992838594
0.00025,66,4,17.0,17.0,74,1.0,0.006780805397605669
0.00025,66,5000,17.0,17.0,100,1.0,0.006967794641849062
0.00025,66,5000,17.0,17.0,74,1.0,0.006620961628413361
0.00025,66,8,17.0,17.0,100,1.0,0.006980212584073936
0.00025,66,8,17.0,17.0,74,1.0,0.006761324934521276
0.0005,66,1000,17.0,17.0,100,1.0,0.006799335473152793
0.0005,66,1000,17.0,17.0,74,1.0,0.0066381777869866385
0.0005,66,100,17.0,17.0,100,1.0,0.006784290069194664
0.0005,66,100,17.0,17.0,74,1.0,0.006873942135543129
0.0005,66,10,17.0,17.0,100,1.0,0.00688598687075598
0.0005,66,10,17.0,17.0,74,1.0,0.006967944892411416
0.0005,66,1500,17.0,17.0,100,1.0,0.007029042403909741
0.0005,66,1500,17.0,17.0,74,1.0,0.006719244851343756
0.0005,66,200,17.0,17.0,100,1.0,0.006864022000354845
0.0005,66,200,17.0,17.0,74,1.0,0.006798385085615525
0.0005,66,20,17.0,17.0,100,1.0,0.006934290875659285
0.0005,66,20,17.0,17.0,74,1.0,0.006818585163284271
0.0005,66,3000,17.0,17.0,100,1.0,0.006732805367828513
0.0005,66,3000,17.0,17.0,74,1.0,0.006621536079366044
0.0005,66,400,17.0,17.0,100,1.0,0.006874683462636494
0.0005,66,400,17.0,17.0,74,1.0,0.006702149042106138
0.0005,66,40,17.0,17.0,100,1.0,0.006726434297327376
0.0005,66,40,17.0,17.0,74,1.0,0.006813598730500616
0.0005,66,4,17.0,17.0,100,1.0,0.0068950854046033
0.0005,66,4,17.0,17.0,74,1.0,0.006870502874115836
0.0005,66,5000,17.0,17.0,100,1.0,0.006758160615493798
0.0005,66,5000,17.0,17.0,74,1.0,0.0066963747554240945
0.0005,66,8,17.0,17.0,100,1.0,0.006799212890530492
0.0005,66,8,17.0,17.0,74,1.0,0.006728092388586912
0.00075,66,1000,17.0,17.0,100,1.0,0.006857752544395877
0.00075,66,1000,17.0,17.0,74,1.0,0.0067500753734241374
0.00075,66,100,17.0,17.0,100,1.0,0.006856755754125066
0.00075,66,100,17.0,17.0,74,1.0,0.0068660747629924555
0.00075,66,10,17.0,17.0,100,1.0,0.0067322053581509375
0.00075,66,10,17.0,17.0,74,1.0,0.006743794875103445
0.00075,66,1500,17.0,17.0,100,1.0,0.006774688301424216
0.00075,66,1500,17.0,17.0,74,1.0,0.0068414800734999445
0.00075,66,200,17.0,17.0,100,1.0,0.006599235471539864
0.00075,66,200,17.0,17.0,74,1.0,0.006735056520762742
0.00075,66,20,17.0,17.0,100,1.0,0.007095420893885385
0.00075,66,20,17.0,17.0,74,1.0,0.006845679893100013
0.00075,66,3000,17.0,17.0,100,1.0,0.006924948789496605
0.00075,66,3000,17.0,17.0,74,1.0,0.006812458513598855
0.00075,66,400,17.0,17.0,100,1.0,0.007001174212487298
0.00075,66,400,17.0,17.0,74,1.0,0.0068006307794046305
0.00075,66,40,17.0,17.0,100,1.0,0.006939650639526444
0.00075,66,40,17.0,17.0,74,1.0,0.006785583390302821
0.00075,66,4,17.0,17.0,100,1.0,0.006816193809577574
0.00075,66,4,17.0,17.0,74,1.0,0.006707871218766556
0.00075,66,5000,17.0,17.0,100,1.0,0.006926660107421087
0.00075,66,5000,17.0,17.0,74,1.0,0.006653825682051944
0.00075,66,8,17.0,17.0,100,1.0,0.006915338957079953
0.00075,66,8,17.0,17.0,74,1.0,0.006798047611189758
0.001,66,1000,17.0,17.0,100,1.0,0.006957360602590364
0.001,66,1000,17.0,17.0,74,1.0,0.006706913386940484
0.001,66,100,17.0,17.0,100,1.0,0.0068820077743189404
0.001,66,100,17.0,17.0,74,1.0,0.006809216525824858
0.001,66,10,17.0,17.0,100,1.0,0.006952737947386248
0.001,66,10,17.0,17.0,74,1.0,0.006851407032619633
0.001,66,1500,17.0,17.0,100,1.0,0.006856808980790012
0.001,66,1500,17.0,17.0,74,1.0,0.006608509814674431
0.001,66,200,17.0,17.0,100,1.0,0.006841566799464507
0.001,66,200,17.0,17.0,74,1.0,0.006893263787133043
0.001,66,20,17.0,17.0,100,1.0,0.006863202632300521
0.001,66,20,17.0,17.0,74,1.0,0.006967740174469315
0.001,66,3000,17.0,17.0,100,1.0,0.00689264826852046
0.001,66,3000,17.0,17.0,74,1.0,0.006737752594024469
0.001,66,400,17.0,17.0,100,1.0,0.006885993322472943
0.001,66,400,17.0,17.0,74,1.0,0.006578217762817515
0.001,66,40,17.0,17.0,100,1.0,0.007147824964918789
0.001,66,40,17.0,17.0,74,1.0,0.006755445187081181
0.001,66,4,17.0,17.0,100,1.0,0.0071133179567412375
0.001,66,4,17.0,17.0,74,1.0,0.006825374354673214
0.001,66,5000,17.0,17.0,100,1.0,0.007014913143760383
0.001,66,5000,17.0,17.0,74,1.0,0.006556342720167943
0.001,66,8,17.0,17.0,100,1.0,0.006763307472701173
0.001,66,8,17.0,17.0,74,1.0,0.006810008101867648
0.0025,66,1000,17.0,17.0,100,1.0,0.006729445636219939
0.0025,66,1000,17.0,17.0,74,1.0,0.006591778775588192
0.0025,66,100,17.0,17.0,100,1.0,0.007129987580444846
0.0025,66,100,17.0,17.0,74,1.0,0.007144848490112123
0.0025,66,10,17.0,17.0,100,1.0,0.006929127889159502
0.0025,66,10,17.0,17.0,74,1.0,0.007085862427061478
0.0025,66,1500,17.0,17.0,100,1.0,0.0069709124340715176
0.0025,66,1500,17.0,17.0,74,1.0,0.006739479669026919
0.0025,66,200,17.0,17.0,100,1.0,0.0069255165405893646
0.0025,66,200,17.0,17.0,74,1.0,0.00682721433472252
0.0025,66,20,17.0,17.0,100,1.0,0.007077996419297085
0.0025,66,20,17.0,17.0,74,1.0,0.006924079420635817
0.0025,66,3000,17.0,17.0,100,1.0,0.006873181825513315
0.0025,66,3000,17.0,17.0,74,1.0,0.006705168941930825
0.0025,66,400,17.0,17.0,100,1.0,0.0071991177277052855
0.0025,66,400,17.0,17.0,74,1.0,0.006912417942224874
0.0025,66,40,17.0,17.0,100,1.0,0.007261300988725625
0.0025,66,40,17.0,17.0,74,1.0,0.006896691882127131
0.0025,66,4,17.0,17.0,100,1.0,0.007287298182228745
0.0025,66,4,17.0,17.0,74,1.0,0.006902881808267379
0.0025,66,5000,17.0,17.0,100,1.0,0.00685032339231278
0.0025,66,5000,17.0,17.0,74,1.0,0.006661423819490885
0.0025,66,8,17.0,17.0,100,1.0,0.007063588122389071
0.0025,66,8,17.0,17.0,74,1.0,0.006940819144725659
0.005,66,1000,17.0,17.0,100,1.0,0.00695993161180019
0.005,66,1000,17.0,17.0,74,1.0,0.006985056830941442
0.005,66,100,17.0,17.0,100,1.0,0.007398025774609268
0.005,66,100,17.0,17.0,74,1.0,0.007214076653841811
0.005,66,10,17.0,17.0,100,1.0,0.007554292811174374
0.005,66,10,17.0,17.0,74,1.0,0.007427800944680249
0.005,66,1500,17.0,17.0,100,1.0,0.007047245923321344
0.005,66,1500,17.0,17.0,74,1.0,0.006886704127982213
0.005,66,200,17.0,17.0,100,1.0,0.007376883498120938
0.005,66,200,17.0,17.0,74,1.0,0.006894324598287566
0.005,66,20,17.0,17.0,100,1.0,0.00741957773512476
0.005,66,20,17.0,17.0,74,1.0,0.00733454509812193
0.005,66,3000,17.0,17.0,100,1.0,0.006703395216051872
0.005,66,3000,17.0,17.0,74,1.0,0.0067345651977017
0.005,66,400,17.0,17.0,100,1.0,0.007220672914079259
0.005,66,400,17.0,17.0,74,1.0,0.007001201011926992
0.005,66,40,17.0,17.0,100,1.0,0.007413166341392603
0.005,66,40,17.0,17.0,74,1.0,0.007155612931722224
0.005,66,4,17.0,17.0,100,1.0,0.007482690043387797
0.005,66,4,17.0,17.0,74,1.0,0.0072743704302923
0.005,66,5000,17.0,17.0,100,1.0,0.006785570735011855
0.005,66,5000,17.0,17.0,74,1.0,0.006742882949724995
0.005,66,8,17.0,17.0,100,1.0,0.007461557444474911
0.005,66,8,17.0,17.0,74,1.0,0.007414793290710644
0.0075,66,1000,17.0,17.0,100,1.0,0.007087332053742802
0.0075,66,1000,17.0,17.0,74,1.0,0.006841099174056157
0.0075,66,100,17.0,17.0,100,1.0,0.007598340295811223
0.0075,66,100,17.0,17.0,74,1.0,0.0075411179088496465
0.0075,66,10,17.0,17.0,100,1.0,0.007603212955047662
0.0075,66,10,17.0,17.0,74,1.0,0.007742614955328063
0.0075,66,1500,17.0,17.0,100,1.0,0.00714000709688866
0.0075,66,1500,17.0,17.0,74,1.0,0.00680140126329581
0.0075,66,200,17.0,17.0,100,1.0,0.007418159970322102
0.0075,66,200,17.0,17.0,74,1.0,0.00744549229702216
0.0075,66,20,17.0,17.0,100,1.0,0.007655050887917547
0.0075,66,20,17.0,17.0,74,1.0,0.007536593021971819
0.0075,66,3000,17.0,17.0,100,1.0,0.006884732011806642
0.0075,66,3000,17.0,17.0,74,1.0,0.006713487934668922
0.0075,66,400,17.0,17.0,100,1.0,0.007330635977999645
0.0075,66,400,17.0,17.0,74,1.0,0.00701661317118018
0.0075,66,40,17.0,17.0,100,1.0,0.0075839142566815594
0.0075,66,40,17.0,17.0,74,1.0,0.007527797594750287
0.0075,66,4,17.0,17.0,100,1.0,0.007707142050678237
0.0075,66,4,17.0,17.0,74,1.0,0.007516324704989038
0.0075,66,5000,17.0,17.0,100,1.0,0.006799759673543121
0.0075,66,5000,17.0,17.0,74,1.0,0.006726700306580628
0.0075,66,8,17.0,17.0,100,1.0,0.007933236019935806
0.0075,66,8,17.0,17.0,74,1.0,0.0077932299156189865
0.01,66,1000,17.0,17.0,100,1.0,0.007072426974628623
0.01,66,1000,17.0,17.0,74,1.0,0.006969242680092855
0.01,66,100,17.0,17.0,100,1.0,0.007894348295940257
0.01,66,100,17.0,17.0,74,1.0,0.007684527169793062
0.01,66,10,17.0,17.0,100,1.0,0.008201435507024306
0.01,66,10,17.0,17.0,74,1.0,0.008020257150549574
0.01,66,1500,17.0,17.0,100,1.0,0.0067686043323279405
0.01,66,1500,17.0,17.0,74,1.0,0.006759061870724962
0.01,66,200,17.0,17.0,100,1.0,0.00793430216616397
0.01,66,200,17.0,17.0,74,1.0,0.007603931577060176
0.01,66,20,17.0,17.0,100,1.0,0.008339778060936467
0.01,66,20,17.0,17.0,74,1.0,0.008018198804695361
0.01,66,3000,17.0,17.0,100,1.0,0.007053610542105518
0.01,66,3000,17.0,17.0,74,1.0,0.006631812920059505
0.01,66,400,17.0,17.0,100,1.0,0.007481530347263666
0.01,66,400,17.0,17.0,74,1.0,0.007376451481227364
0.01,66,40,17.0,17.0,100,1.0,0.007855815416377683
0.01,66,40,17.0,17.0,74,1.0,0.00792122329516481
0.01,66,4,17.0,17.0,100,1.0,0.008138819980967434
0.01,66,4,17.0,17.0,74,1.0,0.00795056620019926
0.01,66,5000,17.0,17.0,100,1.0,0.006912259875159277
0.01,66,5000,17.0,17.0,74,1.0,0.00656409346552736
0.01,66,8,17.0,17.0,100,1.0,0.008055963805867837
0.01,66,8,17.0,17.0,74,1.0,0.007837641301906855
0.025,66,1000,17.0,17.0,100,1.0,0.007778943208761432
0.025,66,1000,17.0,17.0,74,1.0,0.00748401773229593
0.025,66,100,17.0,17.0,100,1.0,0.009530695656381554
0.025,66,100,17.0,17.0,74,1.0,0.009409450772779214
0.025,66,10,17.0,17.0,100,1.0,0.009649300795174115
0.025,66,10,17.0,17.0,74,1.0,0.009653510540492589
0.025,66,1500,17.0,17.0,100,1.0,0.007314374425393958
0.025,66,1500,17.0,17.0,74,1.0,0.006800086105607162
0.025,66,200,17.0,17.0,100,1.0,0.00909350150808884
0.025,66,200,17.0,17.0,74,1.0,0.009212355782413363
0.025,66,20,17.0,17.0,100,1.0,0.009984799754834756
0.025,66,20,17.0,17.0,74,1.0,0.009608496166811623
0.025,66,3000,17.0,17.0,100,1.0,0.006816871239858707
0.025,66,3000,17.0,17.0,74,1.0,0.006468229636458156
0.025,66,400,17.0,17.0,100,1.0,0.008726205261375183
0.025,66,400,17.0,17.0,74,1.0,0.008658281088900937
0.025,66,40,17.0,17.0,100,1.0,0.009694175712511492
0.025,66,40,17.0,17.0,74,1.0,0.009497840535889536
0.025,66,4,17.0,17.0,100,1.0,0.009805148470136615
0.025,66,4,17.0,17.0,74,1.0,0.009980715569854104
0.025,66,5000,17.0,17.0,100,1.0,0.006675514121195503
0.025,66,5000,17.0,17.0,74,1.0,0.006597452564371386
0.025,66,8,17.0,17.0,100,1.0,0.009956473491507927
0.025,66,8,17.0,17.0,74,1.0,0.009770075696009985
0.05,66,1000,17.0,17.0,100,1.0,0.008666049452410523
0.05,66,1000,17.0,17.0,74,1.0,0.008180559984218108
0.05,66,100,17.0,17.0,100,1.0,0.011792895046694302
0.05,66,100,17.0,17.0,74,1.0,0.011784141679704511
0.05,66,10,17.0,17.0,100,1.0,0.012675333473120535
0.05,66,10,17.0,17.0,74,1.0,0.01275150467687444
0.05,66,1500,17.0,17.0,100,1.0,0.007539281278730302
0.05,66,1500,17.0,17.0,74,1.0,0.007347632157838774
0.05,66,200,17.0,17.0,100,1.0,0.01144213777641575
0.05,66,200,17.0,17.0,74,1.0,0.011337505443636188
0.05,66,20,17.0,17.0,100,1.0,0.012476922208422716
0.05,66,20,17.0,17.0,74,1.0,0.012486285758951447
0.05,66,3000,17.0,17.0,100,1.0,0.006747757221890676
0.05,66,3000,17.0,17.0,74,1.0,0.006546462908210678
0.05,66,400,17.0,17.0,100,1.0,0.010505364602654882
0.05,66,400,17.0,17.0,74,1.0,0.01043576509298537
0.05,66,40,17.0,17.0,100,1.0,0.012540326456878336
0.05,66,40,17.0,17.0,74,1.0,0.012535199699250732
0.05,66,4,17.0,17.0,100,1.0,0.012818679333537638
0.05,66,4,17.0,17.0,74,1.0,0.012664131059185818
0.05,66,5000,17.0,17.0,100,1.0,0.006703850062097776
0.05,66,5000,17.0,17.0,74,1.0,0.006455687250538781
0.05,66,8,17.0,17.0,100,1.0,0.012610501782286811
0.05,66,8,17.0,17.0,74,1.0,0.012548438126173251
0.075,66,1000,17.0,17.0,100,1.0,0.009094907982386814
0.075,66,1000,17.0,17.0,74,1.0,0.008746703110596077
0.075,66,100,17.0,17.0,100,1.0,0.014280149679833546
0.075,66,100,17.0,17.0,74,1.0,0.014348910094083404
0.075,66,10,17.0,17.0,100,1.0,0.015035852191164373
0.075,66,10,17.0,17.0,74,1.0,0.015344168082115469
0.075,66,1500,17.0,17.0,100,1.0,0.007970928563363925
0.075,66,1500,17.0,17.0,74,1.0,0.007711822895406502
0.075,66,200,17.0,17.0,100,1.0,0.01347964805883966
0.075,66,200,17.0,17.0,74,1.0,0.01358527494860339
0.075,66,20,17.0,17.0,100,1.0,0.015004037161889708
0.075,66,20,17.0,17.0,74,1.0,0.015276489571171744
0.075,66,3000,17.0,17.0,100,1.0,0.006521179373860869
0.075,66,3000,17.0,17.0,74,1.0,0.00638397641649307
0.075,66,400,17.0,17.0,100,1.0,0.01208600945176535
0.075,66,400,17.0,17.0,74,1.0,0.011885830664762584
0.075,66,40,17.0,17.0,100,1.0,0.015135079598058033
0.075,66,40,17.0,17.0,74,1.0,0.014879690367214359
0.075,66,4,17.0,17.0,100,1.0,0.015413967967225278
0.075,66,4,17.0,17.0,74,1.0,0.015339587363071613
0.075,66,5000,17.0,17.0,100,1.0,0.006594014419587413
0.075,66,5000,17.0,17.0,74,1.0,0.006244775660153327
0.075,66,8,17.0,17.0,100,1.0,0.01521994225713318
0.075,66,8,17.0,17.0,74,1.0,0.015515701866159132
0.1,66,1000,17.0,17.0,100,1.0,0.010031935998967725
0.1,66,1000,17.0,17.0,74,1.0,0.009582968459789053
0.1,66,100,17.0,17.0,100,1.0,0.016750958886433652
0.1,66,100,17.0,17.0,74,1.0,0.01640467278008206
0.1,66,10,17.0,17.0,100,1.0,0.01721955837997387
0.1,66,10,17.0,17.0,74,1.0,0.017625180058735437
0.1,66,1500,17.0,17.0,100,1.0,0.008335344118453523
0.1,66,1500,17.0,17.0,74,1.0,0.007950257262213907
0.1,66,200,17.0,17.0,100,1.0,0.015468739818384168
0.1,66,200,17.0,17.0,74,1.0,0.015276054080276729
0.1,66,20,17.0,17.0,100,1.0,0.01728726592364393
0.1,66,20,17.0,17.0,74,1.0,0.017565749819786175
0.1,66,3000,17.0,17.0,100,1.0,0.006860238068355941
0.1,66,3000,17.0,17.0,74,1.0,0.006382338672956263
0.1,66,400,17.0,17.0,100,1.0,0.013388648204003291
0.1,66,400,17.0,17.0,74,1.0,0.01340666164590744
0.1,66,40,17.0,17.0,100,1.0,0.017243250697591896
0.1,66,40,17.0,17.0,74,1.0,0.0172140518395458
0.1,66,4,17.0,17.0,100,1.0,0.017688107872707623
0.1,66,4,17.0,17.0,74,1.0,0.017934517554253356
0.1,66,5000,17.0,17.0,100,1.0,0.006303930708559815
0.1,66,5000,17.0,17.0,74,1.0,0.006136507164507616
0.1,66,8,17.0,17.0,100,1.0,0.017631040823239085
0.1,66,8,17.0,17.0,74,1.0,0.017776656447312425
0.0001,50,1000,17.0,170,100,1.0,0.001692272456007355
0.0001,50,1000,17.0,170,74,1.0,0.0017293268998135206
0.0001,50,100,17.0,170,100,1.0,0.0017291198245132987
0.0001,50,100,17.0,170,74,1.0,0.0016168796767193514
0.0001,50,10,17.0,170,100,1.0,0.001720455168631752
0.0001,50,10,17.0,170,74,1.0,0.0016635082203559114
0.0001,50,1500,17.0,170,100,1.0,0.0016816706721076147
0.0001,50,1500,17.0,170,74,1.0,0.0016367869456951538
0.0001,50,200,17.0,170,100,1.0,0.0016359683220697108
0.0001,50,200,17.0,170,74,1.0,0.0016917047049145955
0.0001,50,20,17.0,170,100,1.0,0.0016937740931305344
0.0001,50,20,17.0,170,74,1.0,0.0015890926280448692
0.0001,50,3000,17.0,170,100,1.0,0.0016304698462878432
0.0001,50,3000,17.0,170,74,1.0,0.0016208822226661224
0.0001,50,400,17.0,170,100,1.0,0.0016885530411780835
0.0001,50,400,17.0,170,74,1.0,0.0016697167572181685
0.0001,50,40,17.0,170,100,1.0,0.0016381231955354119
0.0001,50,40,17.0,170,74,1.0,0.001668060402959353
0.0001,50,4,17.0,170,100,1.0,0.0016659010629203697
0.0001,50,4,17.0,170,74,1.0,0.0016297793885013034
0.0001,50,5000,17.0,170,100,1.0,0.00165619445474927
0.0001,50,5000,17.0,170,74,1.0,0.0015987739256340364
0.0001,50,8,17.0,170,100,1.0,0.001688556267036565
0.0001,50,8,17.0,170,74,1.0,0.001666066574274771
0.00025,50,1000,17.0,170,100,1.0,0.0016963257471894707
0.00025,50,1000,17.0,170,74,1.0,0.0016406083472810355
0.00025,50,100,17.0,170,100,1.0,0.0016277859320311617
0.00025,50,100,17.0,170,74,1.0,0.001608730661908939
0.00025,50,10,17.0,170,100,1.0,0.0016986161067113986
0.00025,50,10,17.0,170,74,1.0,0.0015783666485935878
0.00025,50,1500,17.0,170,100,1.0,0.0016399925805254923
0.00025,50,1500,17.0,170,74,1.0,0.0016038906334717557
0.00025,50,200,17.0,170,100,1.0,0.0016158857400925821
0.00025,50,200,17.0,170,74,1.0,0.001631257079828831
0.00025,50,20,17.0,170,100,1.0,0.0017681978741592606
0.00025,50,20,17.0,170,74,1.0,0.0016936526271515546
0.00025,50,3000,17.0,170,100,1.0,0.0015985306214616364
0.00025,50,3000,17.0,170,74,1.0,0.0016249406007789208
0.00025,50,400,17.0,170,100,1.0,0.0016109517895449928
0.00025,50,400,17.0,170,74,1.0,0.0016334357750187039
0.00025,50,40,17.0,170,100,1.0,0.0016513734092485364
0.00025,50,40,17.0,170,74,1.0,0.0016274530482501578
0.00025,50,4,17.0,170,100,1.0,0.0016946063646187841
0.00025,50,4,17.0,170,74,1.0,0.0016161302849797825
0.00025,50,5000,17.0,170,100,1.0,0.0016809174341521637
0.00025,50,5000,17.0,170,74,1.0,0.0015502508104969434
0.00025,50,8,17.0,170,100,1.0,0.0016969096275746382
0.00025,50,8,17.0,170,74,1.0,0.0017207994669889216
0.0005,50,1000,17.0,170,100,1.0,0.001703754899272569
0.0005,50,1000,17.0,170,74,1.0,0.0016215683379508603
0.0005,50,100,17.0,170,100,1.0,0.0016641494217648671
0.0005,50,100,17.0,170,74,1.0,0.0016528914238070837
0.0005,50,10,17.0,170,100,1.0,0.001713238923208439
0.0005,50,10,17.0,170,74,1.0,0.0015998198482109513
0.0005,50,1500,17.0,170,100,1.0,0.0016388732076323812
0.0005,50,1500,17.0,170,74,1.0,0.001615580648323112
0.0005,50,200,17.0,170,100,1.0,0.0016589606283972322
0.0005,50,200,17.0,170,74,1.0,0.0016275808418746208
0.0005,50,20,17.0,170,100,1.0,0.0016436829626284295
0.0005,50,20,17.0,170,74,1.0,0.0016893423839342322
0.0005,50,3000,17.0,170,100,1.0,0.001685272343102308
0.0005,50,3000,17.0,170,74,1.0,0.001635724893825831
0.0005,50,400,17.0,170,100,1.0,0.0016622510040484523
0.0005,50,400,17.0,170,74,1.0,0.00161309921872189
0.0005,50,40,17.0,170,100,1.0,0.0015914353457313827
0.0005,50,40,17.0,170,74,1.0,0.001648139486120744
0.0005,50,4,17.0,170,100,1.0,0.0017057226729463378
0.0005,50,4,17.0,170,74,1.0,0.0016027752308660065
0.0005,50,5000,17.0,170,100,1.0,0.001698651591154696
0.0005,50,5000,17.0,170,74,1.0,0.001644969459805183
0.0005,50,8,17.0,170,100,1.0,0.0017301553250858885
0.0005,50,8,17.0,170,74,1.0,0.0016758161111779719
0.00075,50,1000,17.0,170,100,1.0,0.0016448523363280052
0.00075,50,1000,17.0,170,74,1.0,0.0016224418011704903
0.00075,50,100,17.0,170,100,1.0,0.0017421958418684172
0.00075,50,100,17.0,170,74,1.0,0.0016542934315317741
0.00075,50,10,17.0,170,100,1.0,0.0016684527169793062
0.00075,50,10,17.0,170,74,1.0,0.0016426580081316448
0.00075,50,1500,17.0,170,100,1.0,0.001666431716640591
0.00075,50,1500,17.0,170,74,1.0,0.0016478690102942107
0.00075,50,200,17.0,170,100,1.0,0.0017051355667026887
0.00075,50,200,17.0,170,74,1.0,0.0016485166634201296
0.00075,50,20,17.0,170,100,1.0,0.0017021742286165906
0.00075,50,20,17.0,170,74,1.0,0.0016448764061951372
0.00075,50,3000,17.0,170,100,1.0,0.0016271472120518073
0.00075,50,3000,17.0,170,74,1.0,0.0016222346017987883
0.00075,50,400,17.0,170,100,1.0,0.00163507314634107
0.00075,50,400,17.0,170,74,1.0,0.0017176083485217503
0.00075,50,40,17.0,170,100,1.0,0.0017351425022984243
0.00075,50,40,17.0,170,74,1.0,0.0017055994699666371
0.00075,50,4,17.0,170,100,1.0,0.0016758109001758093
0.00075,50,4,17.0,170,74,1.0,0.001668672075356054
0.00075,50,5000,17.0,170,100,1.0,0.0016818464813948611
0.00075,50,5000,17.0,170,74,1.0,0.0017252263373975015
0.00075,50,8,17.0,170,100,1.0,0.0016493507959805802
0.00075,50,8,17.0,170,74,1.0,0.0016972507000733263
0.001,50,1000,17.0,170,100,1.0,0.0016370909208213037
0.001,50,1000,17.0,170,74,1.0,0.001615972714200105
0.001,50,100,17.0,170,100,1.0,0.0016892514395393473
0.001,50,100,17.0,170,74,1.0,0.0016632662809697924
0.001,50,10,17.0,170,100,1.0,0.00165121856804142
0.001,50,10,17.0,170,74,1.0,0.0017357041738886607
0.001,50,1500,17.0,170,100,1.0,0.0015365425248794334
0.001,50,1500,17.0,170,74,1.0,0.0016103460725793344
0.001,50,200,17.0,170,100,1.0,0.001660396135421539
0.001,50,200,17.0,170,74,1.0,0.0016593816029290794
0.001,50,20,17.0,170,100,1.0,0.0017671962451007274
0.001,50,20,17.0,170,74,1.0,0.0017084853725928583
0.001,50,3000,17.0,170,100,1.0,0.0016425474604429104
0.001,50,3000,17.0,170,74,1.0,0.0016196005642770913
0.001,50,400,17.0,170,100,1.0,0.0017175760899369344
0.001,50,400,17.0,170,74,1.0,0.00171301770375949
0.001,50,40,17.0,170,100,1.0,0.0017632542460362265
0.001,50,40,17.0,170,74,1.0,0.0016552425783542414
0.001,50,4,17.0,170,100,1.0,0.0016438861917127696
0.001,50,4,17.0,170,74,1.0,0.0016712564842857266
0.001,50,5000,17.0,170,100,1.0,0.0016177777060920337
0.001,50,5000,17.0,170,74,1.0,0.0016304679852156424
0.001,50,8,17.0,170,100,1.0,0.0017339505475894772
0.001,50,8,17.0,170,74,1.0,0.0016942630588334551
0.0025,50,1000,17.0,170,100,1.0,0.0016828223035855417
0.0025,50,1000,17.0,170,74,1.0,0.0016167456795208855
0.0025,50,100,17.0,170,100,1.0,0.0017522508427555282
0.0025,50,100,17.0,170,74,1.0,0.0016152729510525603
0.0025,50,10,17.0,170,100,1.0,0.0017316311553412151
0.0025,50,10,17.0,170,74,1.0,0.0017259050083934357
0.0025,50,1500,17.0,170,100,1.0,0.0016531927934321522
0.0025,50,1500,17.0,170,74,1.0,0.0016284654715274564
0.0025,50,200,17.0,170,100,1.0,0.001703214567976903
0.0025,50,200,17.0,170,74,1.0,0.0017242821534342366
0.0025,50,20,17.0,170,100,1.0,0.0016999870965660737
0.0025,50,20,17.0,170,74,1.0,0.0016643394992723207
0.0025,50,3000,17.0,170,100,1.0,0.0016117679317408345
0.0025,50,3000,17.0,170,74,1.0,0.0016671708104473149
0.0025,50,400,17.0,170,100,1.0,0.0016498185454604107
0.0025,50,400,17.0,170,74,1.0,0.0017064592853234606
0.0025,50,40,17.0,170,100,1.0,0.001795509604993629
0.0025,50,40,17.0,170,74,1.0,0.0017578050266319433
0.0025,50,4,17.0,170,100,1.0,0.0018218616429297246
0.0025,50,4,17.0,170,74,1.0,0.001680398070936628
0.0025,50,5000,17.0,170,100,1.0,0.0017250423393925709
0.0025,50,5000,17.0,170,74,1.0,0.001595075354813415
0.0025,50,8,17.0,170,100,1.0,0.0017754576686720754
0.0025,50,8,17.0,170,74,1.0,0.0017465405769571966
0.005,50,1000,17.0,170,100,1.0,0.00174277004467814
0.005,50,1000,17.0,170,74,1.0,0.0017122273684315008
0.005,50,100,17.0,170,100,1.0,0.0018594977338344167
0.005,50,100,17.0,170,74,1.0,0.0017737804704046096
0.005,50,10,17.0,170,100,1.0,0.0018361005822674558
0.005,50,10,17.0,170,74,1.0,0.0018445235469058434
0.005,50,1500,17.0,170,100,1.0,0.0016521556799303215
0.005,50,1500,17.0,170,74,1.0,0.001665796098448238
0.005,50,200,17.0,170,100,1.0,0.0017828416587364311
0.005,50,200,17.0,170,74,1.0,0.0017308455347294683
0.005,50,20,17.0,170,100,1.0,0.0017759125147179793
0.005,50,20,17.0,170,74,1.0,0.0018095366302434159
0.005,50,3000,17.0,170,100,1.0,0.0016182599719350313
0.005,50,3000,17.0,170,74,1.0,0.0016966030469474074
0.005,50,400,17.0,170,100,1.0,0.0017817029306924305
0.005,50,400,17.0,170,74,1.0,0.0017609911822399121
0.005,50,40,17.0,170,100,1.0,0.0019049871772125358
0.005,50,40,17.0,170,74,1.0,0.0019224739356838263
0.005,50,4,17.0,170,100,1.0,0.0017965741382925532
0.005,50,4,17.0,170,74,1.0,0.0018152426776114254
0.005,50,5000,17.0,170,100,1.0,0.0016795238632881175
0.005,50,5000,17.0,170,74,1.0,0.0016112828122537956
0.005,50,8,17.0,170,100,1.0,0.001763915547024952
0.005,50,8,17.0,170,74,1.0,0.0018069671098913506
0.0075,50,1000,17.0,170,100,1.0,0.0016842029710156616
0.0075,50,1000,17.0,170,74,1.0,0.0017805547732159452
0.0075,50,100,17.0,170,100,1.0,0.0018499459668704333
0.0075,50,100,17.0,170,74,1.0,0.0018221236818956137
0.0075,50,10,17.0,170,100,1.0,0.001914953466991403
0.0075,50,10,17.0,170,74,1.0,0.0018966769935495238
0.0075,50,1500,17.0,170,100,1.0,0.0016853013758286425
0.0075,50,1500,17.0,170,74,1.0,0.0016863472984055574
0.0075,50,200,17.0,170,100,1.0,0.0018113663123598767
0.0075,50,200,17.0,170,74,1.0,0.0018480124369251614
0.0075,50,20,17.0,170,100,1.0,0.001902108098517718
0.0075,50,20,17.0,170,74,1.0,0.0018526638767126517
0.0075,50,3000,17.0,170,100,1.0,0.0016537169954354103
0.0075,50,3000,17.0,170,74,1.0,0.0016565217553136714
0.0075,50,400,17.0,170,100,1.0,0.0017881369054339586
0.0075,50,400,17.0,170,74,1.0,0.0017733127209247793
0.0075,50,40,17.0,170,100,1.0,0.0019032016645429764
0.0075,50,40,17.0,170,74,1.0,0.0018674854557207499
0.0075,50,4,17.0,170,100,1.0,0.0019392328908530783
0.0075,50,4,17.0,170,74,1.0,0.001878135751569194
0.0075,50,5000,17.0,170,100,1.0,0.0016078614171196309
0.0075,50,5000,17.0,170,74,1.0,0.0016690442897962373
0.0075,50,8,17.0,170,100,1.0,0.00194238455458959
0.0075,50,8,17.0,170,74,1.0,0.0019727365329713755
0.01,50,1000,17.0,170,100,1.0,0.0017548637881256149
0.01,50,1000,17.0,170,74,1.0,0.001744508286113796
0.01,50,100,17.0,170,100,1.0,0.0019021968096259616
0.01,50,100,17.0,170,74,1.0,0.001912965097451944
0.01,50,10,17.0,170,100,1.0,0.0019648429813384086
0.01,50,10,17.0,170,74,1.0,0.00201553623073325
0.01,50,1500,17.0,170,100,1.0,0.0016826093969257569
0.01,50,1500,17.0,170,74,1.0,0.0016741746454967635
0.01,50,200,17.0,170,100,1.0,0.0019540976467362376
0.01,50,200,17.0,170,74,1.0,0.0018549902169637971
0.01,50,20,17.0,170,100,1.0,0.002089372409232407
0.01,50,20,17.0,170,74,1.0,0.001979457485046285
0.01,50,3000,17.0,170,100,1.0,0.001685798158034807
0.01,50,3000,17.0,170,74,1.0,0.0015954339213907916
0.01,50,400,17.0,170,100,1.0,0.0018587864320392265
0.01,50,400,17.0,170,74,1.0,0.0017828910391854955
0.01,50,40,17.0,170,100,1.0,0.0020177583509411443
0.01,50,40,17.0,170,74,1.0,0.0019263921130241554
0.01,50,4,17.0,170,100,1.0,0.002071443087791739
0.01,50,4,17.0,170,74,1.0,0.0019630080882197852
0.01,50,5000,17.0,170,100,1.0,0.001706787206245262
0.01,50,5000,17.0,170,74,1.0,0.0016070383269209056
0.01,50,8,17.0,170,100,1.0,0.001962342941015178
0.01,50,8,17.0,170,74,1.0,0.001887339373960126
0.025,50,1000,17.0,170,100,1.0,0.0017899256439619993
0.025,50,1000,17.0,170,74,1.0,0.001808196658258756
0.025,50,100,17.0,170,100,1.0,0.002346728173035049
0.025,50,100,17.0,170,74,1.0,0.0022777786738495784
0.025,50,10,17.0,170,100,1.0,0.002523771351150825
0.025,50,10,17.0,170,74,1.0,0.002492350372896833
0.025,50,1500,17.0,170,100,1.0,0.00169488217551896
0.025,50,1500,17.0,170,74,1.0,0.0016990025893717888
0.025,50,200,17.0,170,100,1.0,0.0022320908401748415
0.025,50,200,17.0,170,74,1.0,0.002205832103991752
0.025,50,20,17.0,170,100,1.0,0.002350895982193261
0.025,50,20,17.0,170,74,1.0,0.0024090711140502268
0.025,50,3000,17.0,170,100,1.0,0.0016694995080565815
0.025,50,3000,17.0,170,74,1.0,0.0015480783188810737
0.025,50,400,17.0,170,100,1.0,0.0021149244342650686
0.025,50,400,17.0,170,74,1.0,0.0020643509138484864
0.025,50,40,17.0,170,100,1.0,0.0024912498588686915
0.025,50,40,17.0,170,74,1.0,0.0023536061996037158
0.025,50,4,17.0,170,100,1.0,0.0025020968080130324
0.025,50,4,17.0,170,74,1.0,0.002441663451147475
0.025,50,5000,17.0,170,100,1.0,0.0016224406845271697
0.025,50,5000,17.0,170,74,1.0,0.0016610801414911158
0.025,50,8,17.0,170,100,1.0,0.0024451087920772914
0.025,50,8,17.0,170,74,1.0,0.00238848517407849
0.05,50,1000,17.0,170,100,1.0,0.0019425410087259472
0.05,50,1000,17.0,170,74,1.0,0.001962053978538115
0.05,50,100,17.0,170,100,1.0,0.00311389054662172
0.05,50,100,17.0,170,74,1.0,0.0030289309877206457
0.05,50,10,17.0,170,100,1.0,0.003248704011355022
0.05,50,10,17.0,170,74,1.0,0.003276774935575884
0.05,50,1500,17.0,170,100,1.0,0.0017581364215551864
0.05,50,1500,17.0,170,74,1.0,0.001755834771528573
0.05,50,200,17.0,170,100,1.0,0.0028208761431635994
0.05,50,200,17.0,170,74,1.0,0.0029024165402171498
0.05,50,20,17.0,170,100,1.0,0.0032186583654575072
0.05,50,20,17.0,170,74,1.0,0.0032434940017642966
0.05,50,3000,17.0,170,100,1.0,0.001601841965192987
0.05,50,3000,17.0,170,74,1.0,0.001610331184001727
0.05,50,400,17.0,170,100,1.0,0.0025029419829352088
0.05,50,400,17.0,170,74,1.0,0.0025546801623351247
0.05,50,40,17.0,170,100,1.0,0.0031337989322408424
0.05,50,40,17.0,170,74,1.0,0.003144607791440805
0.05,50,4,17.0,170,100,1.0,0.00318395619284182
0.05,50,4,17.0,170,74,1.0,0.003251830364509601
0.05,50,5000,17.0,170,100,1.0,0.0016185954612171164
0.05,50,5000,17.0,170,74,1.0,0.0015542806521693278
0.05,50,8,17.0,170,100,1.0,0.0031855529927902063
0.05,50,8,17.0,170,74,1.0,0.003326321640423481
0.075,50,1000,17.0,170,100,1.0,0.002186980435168309
0.075,50,1000,17.0,170,74,1.0,0.00214014990316221
0.075,50,100,17.0,170,100,1.0,0.0037272181809384023
0.075,50,100,17.0,170,74,1.0,0.0036663432536753076
0.075,50,10,17.0,170,100,1.0,0.0037992886982048096
0.075,50,10,17.0,170,74,1.0,0.003903517054245292
0.075,50,1500,17.0,170,100,1.0,0.0017981435184438459
0.075,50,1500,17.0,170,74,1.0,0.001833497314472814
0.075,50,200,17.0,170,100,1.0,0.0033532266649462087
0.075,50,200,17.0,170,74,1.0,0.003418586155856112
0.075,50,20,17.0,170,100,1.0,0.003905708156583171
0.075,50,20,17.0,170,74,1.0,0.0038924399525054375
0.075,50,3000,17.0,170,100,1.0,0.0015719463217148664
0.075,50,3000,17.0,170,74,1.0,0.0016142046956092344
0.075,50,400,17.0,170,100,1.0,0.0029404151679865804
0.075,50,400,17.0,170,74,1.0,0.0029911822399120583
0.075,50,40,17.0,170,100,1.0,0.003831897288665946
0.075,50,40,17.0,170,74,1.0,0.003782146610305129
0.075,50,4,17.0,170,100,1.0,0.003916303488765948
0.075,50,4,17.0,170,74,1.0,0.004070885758703304
0.075,50,5000,17.0,170,100,1.0,0.0015180148066904304
0.075,50,5000,17.0,170,74,1.0,0.0015163917035882714
0.075,50,8,17.0,170,100,1.0,0.004093811190503073
0.075,50,8,17.0,170,74,1.0,0.004084944298109026
0.1,50,1000,17.0,170,100,1.0,0.0023188309488862725
0.1,50,1000,17.0,170,74,1.0,0.0022651134571649418
0.1,50,100,17.0,170,100,1.0,0.004268531750512105
0.1,50,100,17.0,170,74,1.0,0.0043229903211838405
0.1,50,10,17.0,170,100,1.0,0.004540832916659946
0.1,50,10,17.0,170,74,1.0,0.004644613374657407
0.1,50,1500,17.0,170,100,1.0,0.0018909288859497734
0.1,50,1500,17.0,170,74,1.0,0.001840296431580162
0.1,50,200,17.0,170,100,1.0,0.003797282214229262
0.1,50,200,17.0,170,74,1.0,0.003834786417150649
0.1,50,20,17.0,170,100,1.0,0.004407882385199761
0.1,50,20,17.0,170,74,1.0,0.004595235407022694
0.1,50,3000,17.0,170,100,1.0,0.0015149663704253295
0.1,50,3000,17.0,170,74,1.0,0.00146305833716921
0.1,50,400,17.0,170,100,1.0,0.0034255955741221635
0.1,50,400,17.0,170,74,1.0,0.0032529842292741695
0.1,50,40,17.0,170,100,1.0,0.004456284778786754
0.1,50,40,17.0,170,74,1.0,0.0046402410957000545
0.1,50,4,17.0,170,100,1.0,0.004636984467491411
0.1,50,4,17.0,170,74,1.0,0.004529470078301511
0.1,50,5000,17.0,170,100,1.0,0.00147461410667914
0.1,50,5000,17.0,170,74,1.0,0.0015127973528109013
0.1,50,8,17.0,170,100,1.0,0.004703474249584671
0.1,50,8,17.0,170,74,1.0,0.004690177384995043
0.0001,66,1000,17.0,170,100,1.0,0.0017991806319456766
0.0001,66,1000,17.0,170,74,1.0,0.001678876954591079
0.0001,66,100,17.0,170,100,1.0,0.0016931821480991628
0.0001,66,100,17.0,170,74,1.0,0.0017693697292884376
0.0001,66,10,17.0,170,100,1.0,0.001735284440071614
0.0001,66,10,17.0,170,74,1.0,0.0016647551387305255
0.0001,66,1500,17.0,170,100,1.0,0.0017183390054678301
0.0001,66,1500,17.0,170,74,1.0,0.001746472337643163
0.0001,66,200,17.0,170,100,1.0,0.0017163744576525427
0.0001,66,200,17.0,170,74,1.0,0.0017100871354004468
0.0001,66,20,17.0,170,100,1.0,0.0017265213955063791
0.0001,66,20,17.0,170,74,1.0,0.0017101206347000634
0.0001,66,3000,17.0,170,100,1.0,0.0016860239681285181
0.0001,66,3000,17.0,170,74,1.0,0.0016997569439705603
0.0001,66,400,17.0,170,100,1.0,0.0017371957612219552
0.0001,66,400,17.0,170,74,1.0,0.0016552611890762506
0.0001,66,40,17.0,170,100,1.0,0.001730182744882982
0.0001,66,40,17.0,170,74,1.0,0.0016667799852851225
0.0001,66,4,17.0,170,100,1.0,0.001722955208954983
0.0001,66,4,17.0,170,74,1.0,0.0016994715795664197
0.0001,66,5000,17.0,170,100,1.0,0.001725010080807755
0.0001,66,5000,17.0,170,74,1.0,0.001632551145365868
0.0001,66,8,17.0,170,100,1.0,0.0017620058388038518
0.0001,66,8,17.0,170,74,1.0,0.001728846743185684
0.00025,66,1000,17.0,170,100,1.0,0.001670272101162922
0.00025,66,1000,17.0,170,74,1.0,0.001737642170407215
0.00025,66,100,17.0,170,100,1.0,0.0017441797448345942
0.00025,66,100,17.0,170,74,1.0,0.001791860166479112
0.00025,66,10,17.0,170,100,1.0,0.0016776641558734818
0.00025,66,10,17.0,170,74,1.0,0.0016578455980059232
0.00025,66,1500,17.0,170,100,1.0,0.0017360086453007306
0.00025,66,1500,17.0,170,74,1.0,0.001741931321472927
0.00025,66,200,17.0,170,100,1.0,0.001835369925321376
0.00025,66,200,17.0,170,74,1.0,0.0017205227875883855
0.00025,66,20,17.0,170,100,1.0,0.0016826384296520912
0.00025,66,20,17.0,170,74,1.0,0.001735671915303845
0.00025,66,3000,17.0,170,100,1.0,0.0017804190390167582
0.00025,66,3000,17.0,170,74,1.0,0.0017165413337932249
0.00025,66,400,17.0,170,100,1.0,0.001740692591815997
0.00025,66,400,17.0,170,74,1.0,0.0016467846255584766
0.00025,66,40,17.0,170,100,1.0,0.0017624058452555685
0.00025,66,40,17.0,170,74,1.0,0.0016879962083755694
0.00025,66,4,17.0,170,100,1.0,0.0017038629655317021
0.00025,66,4,17.0,170,74,1.0,0.001713811761231881
0.00025,66,5000,17.0,170,100,1.0,0.001692804722656817
0.00025,66,5000,17.0,170,74,1.0,0.0016739674461250615
0.00025,66,8,17.0,170,100,1.0,0.0017806529137566736
0.00025,66,8,17.0,170,74,1.0,0.0016316354978430172
0.0005,66,1000,17.0,170,100,1.0,0.0017037839319989031
0.0005,66,1000,17.0,170,74,1.0,0.0016421170564785783
0.0005,66,100,17.0,170,100,1.0,0.0016329053694414425
0.0005,66,100,17.0,170,74,1.0,0.001766600453853474
0.0005,66,10,17.0,170,100,1.0,0.0017520089033694092
0.0005,66,10,17.0,170,74,1.0,0.0016626335164214808
0.0005,66,1500,17.0,170,100,1.0,0.0017083791674059258
0.0005,66,1500,17.0,170,74,1.0,0.001679977468619221
0.0005,66,200,17.0,170,100,1.0,0.0017766770431781158
0.0005,66,200,17.0,170,74,1.0,0.001720275885343064
0.0005,66,20,17.0,170,100,1.0,0.0017081807771093082
0.0005,66,20,17.0,170,74,1.0,0.0016246093299271576
0.0005,66,3000,17.0,170,100,1.0,0.0017232116647042694
0.0005,66,3000,17.0,170,74,1.0,0.0016473863722367731
0.0005,66,400,17.0,170,100,1.0,0.0016980386780431943
0.0005,66,400,17.0,170,74,1.0,0.001708961807076293
0.0005,66,40,17.0,170,100,1.0,0.001718676107679156
0.0005,66,40,17.0,170,74,1.0,0.0017074220800087346
0.0005,66,4,17.0,170,100,1.0,0.0017579460959047727
0.0005,66,4,17.0,170,74,1.0,0.0017675347120983342
0.0005,66,5000,17.0,170,100,1.0,0.0017360909046920112
0.0005,66,5000,17.0,170,74,1.0,0.001712950705160257
0.0005,66,8,17.0,170,100,1.0,0.0017617171244697495
0.0005,66,8,17.0,170,74,1.0,0.0017053364384289078
0.00075,66,1000,17.0,170,100,1.0,0.0017827061726802046
0.00075,66,1000,17.0,170,74,1.0,0.0016825631182636942
0.00075,66,100,17.0,170,100,1.0,0.0017132147292698268
0.00075,66,100,17.0,170,74,1.0,0.001610586771250653
0.00075,66,10,17.0,170,100,1.0,0.0017516250262101002
0.00075,66,10,17.0,170,74,1.0,0.001688312590649725
0.00075,66,1500,17.0,170,100,1.0,0.0016584154583138438
0.00075,66,1500,17.0,170,74,1.0,0.0016941811716566148
0.00075,66,200,17.0,170,100,1.0,0.001706395264439749
0.00075,66,200,17.0,170,74,1.0,0.0016743830855832662
0.00075,66,20,17.0,170,100,1.0,0.0017894030548879821
0.00075,66,20,17.0,170,74,1.0,0.0016751436437560407
0.00075,66,3000,17.0,170,100,1.0,0.0016638800625816544
0.00075,66,3000,17.0,170,74,1.0,0.001717577330651735
0.00075,66,400,17.0,170,100,1.0,0.0017253649252407296
0.00075,66,400,17.0,170,74,1.0,0.001717765919301428
0.00075,66,40,17.0,170,100,1.0,0.0017319827739157084
0.00075,66,40,17.0,170,74,1.0,0.00177605594134893
0.00075,66,4,17.0,170,100,1.0,0.0017094033774738302
0.00075,66,4,17.0,170,74,1.0,0.0017027520294992352
0.00075,66,5000,17.0,170,100,1.0,0.001732274714108292
0.00075,66,5000,17.0,170,74,1.0,0.0017369225558228607
0.00075,66,8,17.0,170,100,1.0,0.0017269730156938014
0.00075,66,8,17.0,170,74,1.0,0.0017055957478222354
0.001,66,1000,17.0,170,100,1.0,0.0018078856110582428
0.001,66,1000,17.0,170,74,1.0,0.0016897580233924368
0.001,66,100,17.0,170,100,1.0,0.0017405151695995098
0.001,66,100,17.0,170,74,1.0,0.0017119358004533572
0.001,66,10,17.0,170,100,1.0,0.001681549702414555
0.001,66,10,17.0,170,74,1.0,0.001735365458748094
0.001,66,1500,17.0,170,100,1.0,0.001672560847755609
0.001,66,1500,17.0,170,74,1.0,0.0018085428176881264
0.001,66,200,17.0,170,100,1.0,0.0017824658462233262
0.001,66,200,17.0,170,74,1.0,0.0017884519229218337
0.001,66,20,17.0,170,100,1.0,0.0017748963692962789
0.001,66,20,17.0,170,74,1.0,0.001693150137657307
0.001,66,3000,17.0,170,100,1.0,0.001706716237358667
0.001,66,3000,17.0,170,74,1.0,0.0016512152181114583
0.001,66,400,17.0,170,100,1.0,0.0017562525202019388
0.001,66,400,17.0,170,74,1.0,0.0017667741539255596
0.001,66,40,17.0,170,100,1.0,0.0018521847126566557
0.001,66,40,17.0,170,74,1.0,0.0016638072326228587
0.001,66,4,17.0,170,100,1.0,0.0017213826029452088
0.001,66,4,17.0,170,74,1.0,0.0016981613847369746
0.001,66,5000,17.0,170,100,1.0,0.001712146970112421
0.001,66,5000,17.0,170,74,1.0,0.0017896591384228282
0.001,66,8,17.0,170,100,1.0,0.001732063420377748
0.001,66,8,17.0,170,74,1.0,0.0017556610714564876
0.0025,66,1000,17.0,170,100,1.0,0.001723003596832207
0.0025,66,1000,17.0,170,74,1.0,0.001717022731135862
0.0025,66,100,17.0,170,100,1.0,0.0018392925692349877
0.0025,66,100,17.0,170,74,1.0,0.0017066888175615736
0.0025,66,10,17.0,170,100,1.0,0.0017970047903998452
0.0025,66,10,17.0,170,74,1.0,0.0017521163492711421
0.0025,66,1500,17.0,170,100,1.0,0.0017486749786286876
0.0025,66,1500,17.0,170,74,1.0,0.0016289245360036825
0.0025,66,200,17.0,170,100,1.0,0.0018019774512492137
0.0025,66,200,17.0,170,74,1.0,0.0016518206869341565
0.0025,66,20,17.0,170,100,1.0,0.0017616864788141744
0.0025,66,20,17.0,170,74,1.0,0.0017450293863300525
0.0025,66,3000,17.0,170,100,1.0,0.0017961080017419636
0.0025,66,3000,17.0,170,74,1.0,0.001677075436700592
0.0025,66,400,17.0,170,100,1.0,0.0017886030419845482
0.0025,66,400,17.0,170,74,1.0,0.0017329559906053076
0.0025,66,40,17.0,170,100,1.0,0.0017845481378731915
0.0025,66,40,17.0,170,74,1.0,0.0017129420201566527
0.0025,66,4,17.0,170,100,1.0,0.0018341586154615396
0.0025,66,4,17.0,170,74,1.0,0.0017859171425841857
0.0025,66,5000,17.0,170,100,1.0,0.0016466120421297118
0.0025,66,5000,17.0,170,74,1.0,0.0016668842053283739
0.0025,66,8,17.0,170,100,1.0,0.0017809206600106454
0.0025,66,8,17.0,170,74,1.0,0.0017469400871229933
0.005,66,1000,17.0,170,100,1.0,0.001703872643107147
0.005,66,1000,17.0,170,74,1.0,0.0017253193910075472
0.005,66,100,17.0,170,100,1.0,0.001779449668543041
0.005,66,100,17.0,170,74,1.0,0.0018216534509861821
0.005,66,10,17.0,170,100,1.0,0.001962010677591574
0.005,66,10,17.0,170,74,1.0,0.001805119685553241
0.005,66,1500,17.0,170,100,1.0,0.0016572493104727495
0.005,66,1500,17.0,170,74,1.0,0.001719311849942989
0.005,66,200,17.0,170,100,1.0,0.00183562154228294
0.005,66,200,17.0,170,74,1.0,0.0018772945469343798
0.005,66,20,17.0,170,100,1.0,0.0018475830255326698
0.005,66,20,17.0,170,74,1.0,0.0018345953470713548
0.005,66,3000,17.0,170,100,1.0,0.0016900030645655576
0.005,66,3000,17.0,170,74,1.0,0.001701801641961967
0.005,66,400,17.0,170,100,1.0,0.0018339021597122535
0.005,66,400,17.0,170,74,1.0,0.001755633775730874
0.005,66,40,17.0,170,100,1.0,0.0019149405635574767
0.005,66,40,17.0,170,74,1.0,0.0019519309864799309
0.005,66,4,17.0,170,100,1.0,0.0018701043565218793
0.005,66,4,17.0,170,74,1.0,0.0019388029831746666
0.005,66,5000,17.0,170,100,1.0,0.0016608993693446668
0.005,66,5000,17.0,170,74,1.0,0.0017302648802027824
0.005,66,8,17.0,170,100,1.0,0.0018631429539186116
0.005,66,8,17.0,170,74,1.0,0.001726959615973955
0.0075,66,1000,17.0,170,100,1.0,0.0018945305569444668
0.0075,66,1000,17.0,170,74,1.0,0.0017963714054941332
0.0075,66,100,17.0,170,100,1.0,0.0019515814771205986
0.0075,66,100,17.0,170,74,1.0,0.0018767076888336909
0.0075,66,10,17.0,170,100,1.0,0.0019536153808932403
0.0075,66,10,17.0,170,74,1.0,0.001978129920209631
0.0075,66,1500,17.0,170,100,1.0,0.0017088453039565154
0.0075,66,1500,17.0,170,74,1.0,0.0016765258000439214
0.0075,66,200,17.0,170,100,1.0,0.0019184680398070936
0.0075,66,200,17.0,170,74,1.0,0.001919916822479767
0.0075,66,20,17.0,170,100,1.0,0.002001283891675672
0.0075,66,20,17.0,170,74,1.0,0.0019291911656143337
0.0075,66,3000,17.0,170,100,1.0,0.0016994096678978694
0.0075,66,3000,17.0,170,74,1.0,0.0017143824900401618
0.0075,66,400,17.0,170,100,1.0,0.0018836287682059388
0.0075,66,400,17.0,170,74,1.0,0.001861967997002433
0.0075,66,40,17.0,170,100,1.0,0.0018961192922466491
0.0075,66,40,17.0,170,74,1.0,0.0019409854005089412
0.0075,66,4,17.0,170,100,1.0,0.0019355554121840675
0.0075,66,4,17.0,170,74,1.0,0.0019158361115005577
0.0075,66,5000,17.0,170,100,1.0,0.001698158034807013
0.0075,66,5000,17.0,170,74,1.0,0.0015973644736205423
0.0075,66,8,17.0,170,100,1.0,0.002051697608025936
0.0075,66,8,17.0,170,74,1.0,0.001882568825551777
0.01,66,1000,17.0,170,100,1.0,0.0017831981160986467
0.01,66,1000,17.0,170,74,1.0,0.001756909230545902
0.01,66,100,17.0,170,100,1.0,0.0019767818835787674
0.01,66,100,17.0,170,74,1.0,0.0020656424979559225
0.01,66,10,17.0,170,100,1.0,0.0019450216938982888
0.01,66,10,17.0,170,74,1.0,0.0018895230320092012
0.01,66,1500,17.0,170,100,1.0,0.0017915885740092583
0.01,66,1500,17.0,170,74,1.0,0.0017276283612514842
0.01,66,200,17.0,170,100,1.0,0.0019316134131195665
0.01,66,200,17.0,170,74,1.0,0.0018816966030469474
0.01,66,20,17.0,170,100,1.0,0.0019400087098179002
0.01,66,20,17.0,170,74,1.0,0.0019277581400196282
0.01,66,3000,17.0,170,100,1.0,0.0017182325521379377
0.01,66,3000,17.0,170,74,1.0,0.001711458125255122
0.01,66,400,17.0,170,100,1.0,0.0017849691124050388
0.01,66,400,17.0,170,74,1.0,0.0018642658008131644
0.01,66,40,17.0,170,100,1.0,0.0020203100050000806
0.01,66,40,17.0,170,74,1.0,0.0019028582346861673
0.01,66,4,17.0,170,100,1.0,0.0020255326698817725
0.01,66,4,17.0,170,74,1.0,0.0019876412398711144
0.01,66,5000,17.0,170,100,1.0,0.0016816900272585043
0.01,66,5000,17.0,170,74,1.0,0.001682305049585167
0.01,66,8,17.0,170,100,1.0,0.0020074743141018404
0.01,66,8,17.0,170,74,1.0,0.0019987419151921803
0.025,66,1000,17.0,170,100,1.0,0.0019518282552944402
0.025,66,1000,17.0,170,74,1.0,0.0019276415128283706
0.025,66,100,17.0,170,100,1.0,0.0022830594041839385
0.025,66,100,17.0,170,74,1.0,0.0023514535594246558
0.025,66,10,17.0,170,100,1.0,0.0024155083146502362
0.025,66,10,17.0,170,74,1.0,0.002390842532199651
0.025,66,1500,17.0,170,100,1.0,0.0018240213551831482
0.025,66,1500,17.0,170,74,1.0,0.0017758375755440223
0.025,66,200,17.0,170,100,1.0,0.0023416232519879354
0.025,66,200,17.0,170,74,1.0,0.0022764870897421423
0.025,66,20,17.0,170,100,1.0,0.0023614413135695737
0.025,66,20,17.0,170,74,1.0,0.002526993611559492
0.025,66,3000,17.0,170,100,1.0,0.0017019548702398425
0.025,66,3000,17.0,170,74,1.0,0.001684094160327648
0.025,66,400,17.0,170,100,1.0,0.002082970693075695
0.025,66,400,17.0,170,74,1.0,0.0020087644093515155
0.025,66,40,17.0,170,100,1.0,0.002481854546041065
0.025,66,40,17.0,170,74,1.0,0.002370867023909815
0.025,66,4,17.0,170,100,1.0,0.002469509185632026
0.025,66,4,17.0,170,74,1.0,0.002412232455362183
0.025,66,5000,17.0,170,100,1.0,0.0017180696462846174
0.025,66,5000,17.0,170,74,1.0,0.0016569833012194987
0.025,66,8,17.0,170,100,1.0,0.002303990386941725
0.025,66,8,17.0,170,74,1.0,0.0024186953387585657
0.05,66,1000,17.0,170,100,1.0,0.002146666881723899
0.05,66,1000,17.0,170,74,1.0,0.002117670632404741
0.05,66,100,17.0,170,100,1.0,0.0028889707898514493
0.05,66,100,17.0,170,74,1.0,0.002863115658192998
0.05,66,10,17.0,170,100,1.0,0.0029637929644026517
0.05,66,10,17.0,170,74,1.0,0.0031151209634894855
0.05,66,1500,17.0,170,100,1.0,0.001833865062339715
0.05,66,1500,17.0,170,74,1.0,0.0018921310145200852
0.05,66,200,17.0,170,100,1.0,0.0027297633832803754
0.05,66,200,17.0,170,74,1.0,0.002665745229141413
0.05,66,20,17.0,170,100,1.0,0.003031992451491153
0.05,66,20,17.0,170,74,1.0,0.0031289288785054845
0.05,66,3000,17.0,170,100,1.0,0.0017305214600235488
0.05,66,3000,17.0,170,74,1.0,0.0016258215082873544
0.05,66,400,17.0,170,100,1.0,0.002444681365828481
0.05,66,400,17.0,170,74,1.0,0.0024573411233679947
0.05,66,40,17.0,170,100,1.0,0.0029210003387151406
0.05,66,40,17.0,170,74,1.0,0.0028804335553799256
0.05,66,4,17.0,170,100,1.0,0.002948850787915934
0.05,66,4,17.0,170,74,1.0,0.0030481707521337192
0.05,66,5000,17.0,170,100,1.0,0.0016460700979048048
0.05,66,5000,17.0,170,74,1.0,0.001615229526034539
0.05,66,8,17.0,170,100,1.0,0.0030014290553073437
0.05,66,8,17.0,170,74,1.0,0.0030315588216683394
0.075,66,1000,17.0,170,100,1.0,0.0022733995709608218
0.075,66,1000,17.0,170,74,1.0,0.00223675816111178
0.075,66,100,17.0,170,100,1.0,0.003406740431297279
0.075,66,100,17.0,170,74,1.0,0.003419628356288625
0.075,66,10,17.0,170,100,1.0,0.0035011806642042615
0.075,66,10,17.0,170,74,1.0,0.0036485551255789487
0.075,66,1500,17.0,170,100,1.0,0.0019871723737479637
0.075,66,1500,17.0,170,74,1.0,0.00191772944228629
0.075,66,200,17.0,170,100,1.0,0.003081228729495637
0.075,66,200,17.0,170,74,1.0,0.0032072614074420557
0.075,66,20,17.0,170,100,1.0,0.0035680575493153115
0.075,66,20,17.0,170,74,1.0,0.0036221254188963346
0.075,66,3000,17.0,170,100,1.0,0.001726732689236923
0.075,66,3000,17.0,170,74,1.0,0.0016728681728117203
0.075,66,400,17.0,170,100,1.0,0.002940340973241504
0.075,66,400,17.0,170,74,1.0,0.002780755769013644
0.075,66,40,17.0,170,100,1.0,0.0034493911192116002
0.075,66,40,17.0,170,74,1.0,0.0034739431281149698
0.075,66,4,17.0,170,100,1.0,0.003646137840932918
0.075,66,4,17.0,170,74,1.0,0.0035018778218507247
0.075,66,5000,17.0,170,100,1.0,0.001572160841303892
0.075,66,5000,17.0,170,74,1.0,0.0015604594118763702
0.075,66,8,17.0,170,100,1.0,0.003723097146728173
0.075,66,8,17.0,170,74,1.0,0.003705475398486576
0.1,66,1000,17.0,170,100,1.0,0.002494122485846546
0.1,66,1000,17.0,170,74,1.0,0.0023139368252837827
0.1,66,100,17.0,170,100,1.0,0.0039015726060097743
0.1,66,100,17.0,170,74,1.0,0.003976447510940003
0.1,66,10,17.0,170,100,1.0,0.004113390538557074
0.1,66,10,17.0,170,74,1.0,0.004191921209647302
0.1,66,1500,17.0,170,100,1.0,0.002067215600251617
0.1,66,1500,17.0,170,74,1.0,0.0020190263614673688
0.1,66,200,17.0,170,100,1.0,0.003586370747915289
0.1,66,200,17.0,170,74,1.0,0.0035155964054010796
0.1,66,20,17.0,170,100,1.0,0.004147416893820868
0.1,66,20,17.0,170,74,1.0,0.004163827704417069
0.1,66,3000,17.0,170,100,1.0,0.0016290262746173326
0.1,66,3000,17.0,170,74,1.0,0.0016457548322739697
0.1,66,400,17.0,170,100,1.0,0.003191567605929128
0.1,66,400,17.0,170,74,1.0,0.0033322534978852017
0.1,66,40,17.0,170,100,1.0,0.0040386038484491685
0.1,66,40,17.0,170,74,1.0,0.004129028135689533
0.1,66,4,17.0,170,100,1.0,0.004148608848529815
0.1,66,4,17.0,170,74,1.0,0.004064099048743963
0.1,66,5000,17.0,170,100,1.0,0.00163974418942241
0.1,66,5000,17.0,170,74,1.0,0.0015460224544564614
0.1,66,8,17.0,170,100,1.0,0.003960421942289392
0.1,66,8,17.0,170,74,1.0,0.004296920421793403
